Time,Intensity131,Intensity142,IntensityHOE2,Intensitystandardmix,IntensityTetra
1,-12,-11,-11,-53,-27
1.00833,-13,-12,-10,-54,-26
1.01667,-13,-14,-10,-54,-25
1.025,-13,-15,-9,-55,-26
1.03333,-12,-14,-9,-56,-27
1.04167,-11,-13,-9,-57,-26
1.05,-13,-13,-10,-58,-25
1.05833,-14,-12,-10,-58,-26
1.06667,-14,-12,-9,-58,-27
1.075,-14,-13,-8,-58,-27
1.08333,-14,-13,-8,-58,-27
1.09167,-14,-13,-9,-58,-27
1.1,-15,-13,-10,-58,-27
1.10833,-15,-13,-11,-58,-26
1.11667,-15,-13,-12,-59,-27
1.125,-14,-13,-12,-60,-27
1.13333,-13,-14,-13,-60,-28
1.14167,-14,-14,-14,-60,-28
1.15,-14,-14,-14,-60,-28
1.15833,-14,-13,-13,-61,-28
1.16667,-15,-13,-13,-60,-27
1.175,-15,-13,-12,-61,-28
1.18333,-15,-12,-11,-61,-29
1.19167,-14,-12,-12,-62,-29
1.2,-15,-12,-12,-63,-29
1.20833,-15,-14,-12,-62,-28
1.21667,-16,-14,-13,-62,-27
1.225,-16,-15,-15,-61,-28
1.23333,-17,-15,-15,-61,-29
1.24167,-17,-16,-15,-61,-29
1.25,-17,-16,-15,-61,-30
1.25833,-18,-16,-14,-60,-30
1.26667,-18,-15,-14,-60,-29
1.275,-19,-14,-14,-62,-29
1.28333,-19,-14,-14,-63,-28
1.29167,-19,-14,-15,-63,-28
1.3,-18,-14,-16,-63,-28
1.30833,-18,-14,-17,-63,-28
1.31667,-19,-15,-17,-63,-28
1.325,-20,-16,-18,-65,-28
1.33333,-20,-16,-19,-66,-28
1.34167,-20,-17,-18,-67,-28
1.35,-19,-17,-18,-66,-30
1.35833,-18,-16,-18,-65,-31
1.36667,-17,-15,-19,-64,-32
1.375,-19,-15,-19,-65,-33
1.38333,-19,-16,-19,-65,-33
1.39167,-18,-16,-19,-65,-33
1.4,-18,-17,-19,-65,-33
1.40833,-19,-18,-18,-66,-33
1.41667,-19,-18,-19,-66,-32
1.425,-20,-18,-21,-67,-32
1.43333,-20,-17,-21,-67,-32
1.44167,-19,-15,-21,-68,-32
1.45,-19,-14,-21,-68,-32
1.45833,-20,-15,-21,-68,-32
1.46667,-20,-16,-21,-68,-32
1.475,-20,-16,-20,-67,-31
1.48333,-20,-16,-20,-67,-31
1.49167,-19,-16,-20,-68,-31
1.5,-20,-17,-20,-70,-31
1.50833,-20,-16,-19,-70,-31
1.51667,-21,-16,-19,-70,-32
1.525,-21,-15,-20,-70,-32
1.53333,-21,-15,-21,-70,-33
1.54167,-20,-16,-21,-70,-34
1.55,-20,-17,-20,-70,-34
1.55833,-20,-18,-20,-71,-34
1.56667,-21,-19,-20,-71,-35
1.575,-22,-19,-21,-71,-35
1.58333,-22,-18,-23,-71,-34
1.59167,-22,-18,-24,-71,-34
1.6,-21,-18,-24,-71,-35
1.60833,-20,-17,-24,-71,-35
1.61667,-20,-18,-24,-71,-35
1.625,-21,-18,-23,-71,-36
1.63333,-21,-18,-22,-72,-36
1.64167,-21,-19,-21,-72,-36
1.65,-21,-19,-22,-72,-36
1.65833,-21,-19,-22,-72,-35
1.66667,-21,-19,-23,-73,-36
1.675,-21,-19,-23,-73,-36
1.68333,-22,-19,-23,-74,-35
1.69167,-22,-18,-25,-75,-35
1.7,-21,-17,-26,-74,-36
1.70833,-21,-16,-26,-74,-37
1.71667,-20,-16,-26,-73,-37
1.725,-19,-17,-27,-74,-37
1.73333,-19,-18,-26,-74,-37
1.74167,-20,-19,-26,-75,-37
1.75,-21,-19,-26,-75,-36
1.75833,-22,-18,-26,-76,-36
1.76667,-23,-18,-27,-76,-36
1.775,-25,-19,-28,-75,-36
1.78333,-26,-19,-29,-74,-36
1.79167,-25,-18,-30,-74,-36
1.8,-25,-19,-29,-74,-37
1.80833,-24,-18,-28,-75,-37
1.81667,-24,-18,-27,-76,-36
1.825,-25,-18,-27,-76,-36
1.83333,-24,-19,-28,-75,-36
1.84167,-24,-18,-29,-74,-36
1.85,-24,-18,-29,-74,-37
1.85833,-23,-18,-28,-76,-36
1.86667,-23,-18,-27,-79,-35
1.875,-23,-17,-28,-79,-35
1.88333,-24,-18,-28,-79,-35
1.89167,-24,-18,-27,-78,-36
1.9,-23,-18,-26,-78,-37
1.90833,-23,-19,-26,-78,-37
1.91667,-23,-19,-26,-77,-38
1.925,-24,-18,-26,-76,-38
1.93333,-24,-18,-27,-76,-37
1.94167,-24,-18,-28,-77,-36
1.95,-23,-17,-28,-77,-36
1.95833,-23,-18,-29,-77,-37
1.96667,-23,-17,-29,-78,-38
1.975,-25,-18,-28,-78,-37
1.98333,-25,-18,-28,-78,-36
1.99167,-25,-18,-27,-78,-37
2,-24,-18,-27,-78,-37
2.00833,-24,-18,-28,-80,-37
2.01667,-24,-19,-28,-81,-37
2.025,-23,-19,-28,-81,-37
2.03333,-23,-19,-28,-81,-38
2.04167,-24,-18,-29,-81,-38
2.05,-25,-18,-31,-81,-38
2.05833,-24,-19,-31,-82,-39
2.06667,-24,-19,-31,-82,-39
2.075,-25,-20,-31,-82,-40
2.08333,-25,-21,-31,-82,-39
2.09167,-25,-21,-31,-82,-39
2.1,-25,-22,-32,-83,-39
2.10833,-25,-22,-32,-83,-39
2.11667,-24,-23,-32,-82,-38
2.125,-24,-21,-32,-82,-38
2.13333,-24,-20,-32,-82,-38
2.14167,-24,-20,-32,-82,-39
2.15,-24,-19,-32,-82,-39
2.15833,-24,-17,-32,-82,-39
2.16667,-24,-18,-33,-80,-39
2.175,-24,-19,-32,-79,-38
2.18333,-25,-21,-33,-78,-38
2.19167,-25,-21,-32,-78,-39
2.2,-26,-21,-32,-79,-39
2.20833,-26,-20,-32,-80,-38
2.21667,-26,-19,-32,-81,-37
2.225,-26,-19,-32,-83,-36
2.23333,-25,-19,-32,-85,-37
2.24167,-26,-18,-32,-85,-39
2.25,-26,-18,-33,-84,-40
2.25833,-25,-19,-33,-84,-40
2.26667,-25,-19,-34,-85,-40
2.275,-25,-19,-34,-84,-40
2.28333,-24,-18,-33,-84,-40
2.29167,-24,-18,-32,-84,-39
2.3,-23,-18,-31,-84,-39
2.30833,-23,-17,-31,-84,-40
2.31667,-26,-17,-31,-85,-40
2.325,-27,-17,-32,-86,-41
2.33333,-26,-17,-32,-87,-41
2.34167,-26,-17,-32,-87,-41
2.35,-26,-17,-33,-86,-40
2.35833,-27,-18,-33,-86,-38
2.36667,-27,-18,-33,-87,-37
2.375,-27,-19,-32,-87,-37
2.38333,-27,-20,-32,-87,-38
2.39167,-27,-21,-32,-86,-39
2.4,-28,-21,-33,-86,-40
2.40833,-28,-22,-34,-86,-41
2.41667,-28,-22,-34,-86,-42
2.425,-29,-21,-34,-86,-42
2.43333,-30,-21,-34,-86,-42
2.44167,-30,-21,-34,-87,-42
2.45,-29,-20,-35,-87,-42
2.45833,-28,-20,-34,-86,-42
2.46667,-28,-19,-34,-86,-42
2.475,-28,-19,-34,-86,-41
2.48333,-28,-20,-34,-86,-40
2.49167,-28,-20,-34,-87,-40
2.5,-28,-21,-34,-87,-40
2.50833,-28,-22,-35,-86,-40
2.51667,-27,-22,-35,-86,-40
2.525,-26,-21,-34,-87,-40
2.53333,-27,-21,-34,-88,-41
2.54167,-26,-21,-34,-88,-41
2.55,-26,-20,-34,-86,-42
2.55833,-28,-20,-35,-83,-43
2.56667,-28,-21,-35,-84,-44
2.575,-27,-22,-35,-84,-45
2.58333,-27,-22,-34,-85,-44
2.59167,-27,-20,-34,-86,-44
2.6,-27,-18,-33,-87,-43
2.60833,-27,-18,-33,-88,-41
2.61667,-27,-18,-34,-89,-42
2.625,-28,-18,-35,-90,-42
2.63333,-28,-18,-36,-91,-41
2.64167,-26,-19,-37,-91,-41
2.65,-25,-20,-36,-92,-42
2.65833,-27,-21,-37,-92,-43
2.66667,-27,-20,-37,-91,-44
2.675,-27,-20,-37,-91,-43
2.68333,-27,-21,-37,-93,-42
2.69167,-27,-21,-37,-93,-42
2.7,-27,-21,-37,-93,-43
2.70833,-28,-20,-38,-93,-44
2.71667,-28,-20,-38,-93,-43
2.725,-28,-20,-38,-92,-43
2.73333,-28,-20,-39,-91,-44
2.74167,-28,-20,-40,-91,-46
2.75,-28,-19,-40,-90,-46
2.75833,-27,-19,-39,-90,-46
2.76667,-28,-20,-38,-90,-45
2.775,-28,-20,-37,-91,-44
2.78333,-28,-19,-37,-92,-44
2.79167,-28,-20,-37,-91,-44
2.8,-28,-20,-38,-91,-43
2.80833,-27,-20,-39,-91,-44
2.81667,-27,-20,-40,-92,-44
2.825,-28,-19,-40,-91,-43
2.83333,-28,-20,-39,-89,-41
2.84167,-30,-21,-39,-87,-41
2.85,-29,-21,-38,-86,-40
2.85833,-29,-22,-37,-85,-39
2.86667,-29,-22,-36,-82,-36
2.875,-29,-21,-37,-80,-33
2.88333,-28,-21,-38,-78,-30
2.89167,-29,-22,-39,-76,-26
2.9,-30,-22,-38,-74,-22
2.90833,-30,-22,-39,-73,-19
2.91667,-29,-21,-39,-70,-15
2.925,-29,-21,-39,-71,-12
2.93333,-30,-20,-38,-71,-10
2.94167,-30,-19,-39,-72,-9
2.95,-30,-20,-38,-73,-8
2.95833,-29,-21,-38,-74,-9
2.96667,-30,-22,-37,-75,-10
2.975,-30,-22,-38,-75,-11
2.98333,-29,-20,-38,-76,-12
2.99167,-29,-19,-37,-78,-15
3,-28,-20,-38,-79,-17
3.00833,-28,-22,-39,-81,-20
3.01667,-29,-21,-39,-83,-22
3.025,-28,-21,-38,-85,-24
3.03333,-28,-21,-37,-86,-27
3.04167,-27,-21,-37,-88,-30
3.05,-27,-20,-38,-90,-31
3.05833,-26,-20,-38,-91,-32
3.06667,-27,-21,-38,-91,-33
3.075,-28,-21,-39,-93,-34
3.08333,-27,-21,-40,-95,-36
3.09167,-27,-20,-40,-96,-38
3.1,-26,-18,-41,-97,-40
3.10833,-25,-18,-41,-98,-42
3.11667,-23,-17,-40,-99,-44
3.125,-21,-15,-39,-101,-46
3.13333,-20,-13,-39,-103,-48
3.14167,-19,-10,-38,-103,-50
3.15,-18,-8,-38,-104,-51
3.15833,-16,-6,-38,-106,-52
3.16667,-13,-2,-38,-109,-54
3.175,-10,1,-37,-114,-55
3.18333,-8,4,-38,-121,-57
3.19167,-5,7,-39,-130,-57
3.2,-2,9,-40,-141,-59
3.20833,0,11,-39,-152,-61
3.21667,2,12,-39,-165,-66
3.225,3,12,-39,-177,-74
3.23333,4,12,-41,-188,-85
3.24167,5,11,-42,-199,-99
3.25,6,12,-41,-210,-114
3.25833,5,10,-41,-220,-130
3.26667,4,9,-41,-229,-148
3.275,3,9,-41,-236,-165
3.28333,1,7,-40,-239,-180
3.29167,-1,6,-39,-239,-193
3.3,-3,5,-38,-237,-205
3.30833,-4,4,-39,-234,-216
3.31667,-6,0,-39,-230,-222
3.325,-8,-3,-40,-226,-226
3.33333,-10,-5,-41,-220,-227
3.34167,-11,-6,-42,-214,-225
3.35,-13,-7,-42,-207,-221
3.35833,-16,-9,-42,-200,-215
3.36667,-17,-11,-43,-191,-207
3.375,-18,-12,-44,-180,-197
3.38333,-19,-13,-44,-169,-188
3.39167,-20,-15,-43,-159,-177
3.4,-22,-17,-41,-149,-166
3.40833,-26,-19,-41,-138,-153
3.41667,-28,-20,-39,-129,-140
3.425,-29,-22,-38,-120,-127
3.43333,-31,-23,-37,-111,-113
3.44167,-34,-27,-37,-102,-99
3.45,-39,-32,-36,-94,-87
3.45833,-46,-40,-34,-86,-77
3.46667,-56,-51,-31,-79,-67
3.475,-68,-63,-29,-72,-57
3.48333,-82,-77,-27,-65,-46
3.49167,-97,-94,-25,-59,-35
3.5,-114,-111,-23,-54,-24
3.50833,-131,-129,-22,-49,-15
3.51667,-148,-145,-21,-46,-6
3.525,-163,-159,-20,-42,2
3.53333,-178,-171,-19,-39,10
3.54167,-189,-180,-18,-37,17
3.55,-198,-188,-18,-35,22
3.55833,-204,-192,-18,-33,28
3.56667,-206,-195,-18,-32,34
3.575,-206,-195,-18,-29,39
3.58333,-205,-192,-19,-25,42
3.59167,-202,-187,-20,-24,45
3.6,-198,-181,-21,-26,47
3.60833,-191,-174,-22,-29,48
3.61667,-182,-167,-24,-31,48
3.625,-172,-158,-27,-34,48
3.63333,-163,-149,-28,-36,47
3.64167,-152,-139,-29,-38,46
3.65,-140,-128,-30,-41,45
3.65833,-128,-115,-31,-43,45
3.66667,-115,-101,-33,-44,43
3.675,-103,-88,-35,-45,41
3.68333,-90,-75,-38,-49,40
3.69167,-77,-62,-41,-52,38
3.7,-65,-50,-44,-54,36
3.70833,-52,-37,-46,-56,34
3.71667,-38,-25,-50,-58,31
3.725,-25,-14,-55,-59,29
3.73333,-14,-3,-61,-60,26
3.74167,-3,8,-70,-62,24
3.75,7,17,-80,-63,22
3.75833,17,26,-91,-66,19
3.76667,27,34,-102,-68,16
3.775,36,42,-114,-70,13
3.78333,45,48,-127,-73,10
3.79167,50,54,-139,-75,8
3.8,54,59,-151,-77,5
3.80833,57,63,-161,-78,2
3.81667,59,66,-171,-80,-1
3.825,62,68,-180,-83,-3
3.83333,64,70,-185,-84,-4
3.84167,66,72,-188,-85,-6
3.85,67,74,-190,-86,-9
3.85833,67,75,-191,-88,-12
3.86667,68,76,-189,-90,-15
3.875,68,75,-186,-91,-17
3.88333,68,74,-180,-92,-19
3.89167,66,73,-173,-93,-22
3.9,64,73,-166,-94,-25
3.90833,61,71,-158,-95,-26
3.91667,59,67,-148,-97,-27
3.925,58,64,-137,-99,-30
3.93333,56,62,-126,-98,-32
3.94167,53,61,-114,-98,-34
3.95,51,58,-102,-98,-35
3.95833,48,55,-90,-99,-36
3.96667,44,51,-78,-100,-37
3.975,40,49,-66,-101,-37
3.98333,36,46,-54,-102,-38
3.99167,33,44,-44,-103,-39
4,30,41,-33,-103,-39
4.00833,28,39,-24,-104,-38
4.01667,26,36,-14,-104,-40
4.025,24,34,-6,-104,-41
4.03333,21,30,1,-103,-41
4.04167,19,27,7,-103,-41
4.05,19,25,12,-103,-41
4.05833,16,23,18,-103,-42
4.06667,13,21,23,-103,-44
4.075,10,18,27,-105,-45
4.08333,7,17,30,-106,-46
4.09167,4,15,33,-106,-47
4.1,2,13,34,-106,-47
4.10833,1,10,36,-104,-47
4.11667,0,8,36,-105,-47
4.125,-3,6,37,-106,-48
4.13333,-5,5,38,-107,-48
4.14167,-7,4,37,-108,-47
4.15,-9,2,37,-109,-47
4.15833,-10,0,37,-109,-47
4.16667,-11,-1,36,-109,-48
4.175,-12,-2,34,-109,-48
4.18333,-13,-2,32,-109,-48
4.19167,-14,-3,30,-109,-49
4.2,-16,-3,27,-109,-49
4.20833,-17,-4,25,-109,-49
4.21667,-18,-5,22,-109,-49
4.225,-19,-6,18,-109,-49
4.23333,-18,-7,16,-109,-48
4.24167,-19,-8,14,-111,-48
4.25,-19,-9,12,-111,-50
4.25833,-21,-10,8,-111,-50
4.26667,-23,-11,5,-112,-50
4.275,-23,-12,2,-112,-51
4.28333,-23,-11,0,-112,-52
4.29167,-24,-10,-2,-113,-52
4.3,-24,-11,-4,-112,-53
4.30833,-25,-12,-4,-112,-52
4.31667,-26,-12,-5,-111,-51
4.325,-26,-13,-7,-112,-51
4.33333,-26,-14,-9,-112,-51
4.34167,-26,-15,-12,-112,-52
4.35,-27,-16,-14,-113,-52
4.35833,-28,-16,-16,-112,-52
4.36667,-28,-15,-17,-112,-52
4.375,-27,-15,-19,-112,-52
4.38333,-26,-16,-20,-112,-52
4.39167,-26,-16,-21,-113,-52
4.4,-27,-17,-23,-113,-53
4.40833,-27,-16,-24,-112,-53
4.41667,-26,-15,-25,-111,-51
4.425,-26,-16,-25,-111,-51
4.43333,-26,-16,-26,-112,-52
4.44167,-27,-17,-28,-113,-53
4.45,-27,-17,-29,-113,-52
4.45833,-27,-18,-30,-113,-51
4.46667,-27,-18,-33,-113,-51
4.475,-27,-18,-34,-114,-51
4.48333,-27,-18,-35,-114,-51
4.49167,-28,-18,-36,-114,-50
4.5,-30,-19,-37,-114,-51
4.50833,-30,-19,-38,-114,-51
4.51667,-30,-19,-40,-114,-51
4.525,-30,-19,-40,-114,-51
4.53333,-30,-19,-39,-114,-52
4.54167,-30,-19,-39,-115,-53
4.55,-30,-19,-39,-115,-54
4.55833,-31,-19,-40,-116,-55
4.56667,-31,-18,-40,-117,-55
4.575,-32,-17,-39,-116,-54
4.58333,-32,-17,-39,-116,-53
4.59167,-32,-17,-39,-115,-53
4.6,-32,-17,-40,-116,-54
4.60833,-32,-17,-40,-116,-55
4.61667,-32,-18,-40,-116,-55
4.625,-31,-19,-40,-116,-55
4.63333,-30,-19,-41,-116,-54
4.64167,-30,-20,-40,-117,-53
4.65,-30,-20,-39,-117,-54
4.65833,-30,-19,-38,-117,-54
4.66667,-30,-19,-38,-117,-54
4.675,-30,-18,-40,-116,-54
4.68333,-30,-18,-41,-115,-54
4.69167,-30,-17,-40,-113,-54
4.7,-30,-18,-40,-113,-55
4.70833,-31,-19,-41,-113,-55
4.71667,-33,-19,-41,-114,-55
4.725,-32,-19,-43,-115,-55
4.73333,-32,-18,-43,-114,-55
4.74167,-32,-18,-43,-114,-56
4.75,-31,-19,-43,-115,-57
4.75833,-31,-21,-42,-116,-57
4.76667,-33,-21,-41,-117,-56
4.775,-34,-22,-41,-118,-56
4.78333,-34,-20,-40,-119,-56
4.79167,-35,-19,-40,-118,-55
4.8,-34,-20,-41,-118,-55
4.80833,-33,-20,-44,-117,-54
4.81667,-32,-20,-46,-117,-53
4.825,-32,-19,-46,-116,-54
4.83333,-32,-19,-45,-115,-53
4.84167,-31,-20,-46,-115,-53
4.85,-31,-20,-46,-115,-53
4.85833,-31,-19,-45,-114,-54
4.86667,-30,-19,-45,-116,-53
4.875,-30,-20,-45,-119,-53
4.88333,-30,-20,-45,-120,-52
4.89167,-31,-20,-45,-120,-53
4.9,-30,-20,-44,-120,-53
4.90833,-31,-19,-44,-120,-54
4.91667,-32,-19,-44,-120,-54
4.925,-32,-19,-44,-121,-54
4.93333,-32,-18,-43,-120,-54
4.94167,-31,-19,-43,-120,-54
4.95,-32,-20,-43,-119,-54
4.95833,-33,-21,-43,-119,-53
4.96667,-33,-21,-43,-118,-53
4.975,-32,-21,-43,-117,-54
4.98333,-31,-20,-45,-118,-54
4.99167,-31,-20,-44,-119,-54
5,-33,-20,-44,-120,-54
5.00833,-34,-20,-45,-120,-55
5.01667,-33,-21,-45,-119,-55
5.025,-33,-21,-45,-119,-55
5.03333,-32,-21,-44,-119,-56
5.04167,-32,-21,-44,-117,-57
5.05,-31,-20,-45,-117,-57
5.05833,-30,-19,-45,-116,-57
5.06667,-31,-19,-45,-116,-57
5.075,-31,-19,-44,-115,-57
5.08333,-31,-20,-43,-116,-57
5.09167,-31,-19,-43,-117,-57
5.1,-33,-20,-43,-118,-57
5.10833,-34,-20,-45,-119,-57
5.11667,-34,-21,-45,-119,-58
5.125,-34,-20,-46,-119,-58
5.13333,-34,-20,-46,-119,-59
5.14167,-35,-19,-46,-119,-58
5.15,-36,-19,-46,-119,-58
5.15833,-36,-20,-45,-120,-58
5.16667,-37,-21,-44,-119,-58
5.175,-37,-21,-44,-118,-57
5.18333,-36,-21,-44,-118,-56
5.19167,-35,-21,-44,-118,-55
5.2,-34,-22,-43,-119,-55
5.20833,-34,-21,-44,-119,-56
5.21667,-34,-20,-45,-119,-56
5.225,-33,-19,-46,-119,-56
5.23333,-32,-18,-48,-118,-56
5.24167,-32,-18,-48,-119,-57
5.25,-32,-18,-48,-120,-57
5.25833,-32,-19,-47,-119,-56
5.26667,-32,-21,-47,-118,-57
5.275,-33,-21,-47,-117,-56
5.28333,-33,-21,-46,-118,-56
5.29167,-33,-21,-45,-118,-57
5.3,-33,-20,-45,-119,-57
5.30833,-33,-19,-45,-119,-58
5.31667,-32,-18,-45,-119,-58
5.325,-31,-19,-46,-120,-58
5.33333,-32,-20,-46,-120,-56
5.34167,-31,-20,-47,-119,-55
5.35,-30,-21,-46,-119,-55
5.35833,-30,-22,-45,-119,-56
5.36667,-31,-21,-45,-119,-57
5.375,-32,-21,-46,-120,-57
5.38333,-32,-22,-45,-121,-56
5.39167,-32,-22,-44,-122,-56
5.4,-32,-21,-45,-122,-56
5.40833,-32,-21,-44,-122,-56
5.41667,-33,-20,-45,-121,-57
5.425,-34,-19,-45,-120,-57
5.43333,-34,-19,-46,-120,-58
5.44167,-33,-21,-46,-120,-58
5.45,-34,-21,-45,-120,-58
5.45833,-34,-21,-45,-120,-57
5.46667,-33,-22,-45,-121,-57
5.475,-34,-22,-44,-122,-57
5.48333,-35,-22,-44,-123,-57
5.49167,-35,-22,-45,-123,-56
5.5,-34,-22,-46,-122,-56
5.50833,-34,-21,-46,-121,-56
5.51667,-33,-20,-47,-121,-56
5.525,-33,-20,-48,-121,-56
5.53333,-33,-20,-47,-121,-56
5.54167,-34,-20,-46,-122,-57
5.55,-34,-19,-46,-122,-58
5.55833,-34,-20,-45,-123,-59
5.56667,-33,-20,-46,-123,-58
5.575,-33,-21,-46,-122,-58
5.58333,-33,-21,-47,-121,-58
5.59167,-33,-21,-48,-121,-58
5.6,-34,-21,-47,-122,-58
5.60833,-33,-21,-46,-123,-58
5.61667,-33,-21,-45,-123,-58
5.625,-33,-21,-45,-124,-58
5.63333,-34,-21,-44,-125,-58
5.64167,-34,-20,-45,-124,-58
5.65,-34,-20,-45,-123,-58
5.65833,-35,-20,-46,-123,-58
5.66667,-36,-21,-46,-124,-59
5.675,-36,-21,-45,-124,-58
5.68333,-36,-21,-45,-124,-57
5.69167,-36,-21,-45,-124,-57
5.7,-35,-22,-45,-124,-56
5.70833,-34,-21,-46,-123,-56
5.71667,-32,-20,-45,-122,-57
5.725,-33,-20,-45,-123,-57
5.73333,-34,-20,-45,-124,-57
5.74167,-34,-20,-44,-124,-58
5.75,-34,-21,-43,-125,-58
5.75833,-34,-21,-43,-125,-58
5.76667,-33,-21,-44,-124,-58
5.775,-32,-20,-43,-123,-59
5.78333,-33,-21,-44,-123,-59
5.79167,-34,-22,-45,-123,-58
5.8,-34,-21,-45,-123,-58
5.80833,-34,-21,-46,-123,-58
5.81667,-34,-22,-46,-124,-58
5.825,-35,-22,-46,-124,-58
5.83333,-35,-23,-45,-125,-58
5.84167,-35,-22,-45,-125,-58
5.85,-35,-22,-46,-124,-59
5.85833,-36,-22,-46,-124,-59
5.86667,-35,-21,-47,-124,-59
5.875,-35,-22,-46,-124,-59
5.88333,-35,-22,-45,-124,-58
5.89167,-35,-21,-45,-125,-59
5.9,-35,-22,-44,-125,-60
5.90833,-34,-22,-44,-125,-60
5.91667,-34,-22,-45,-124,-60
5.925,-35,-23,-46,-125,-60
5.93333,-34,-23,-47,-125,-60
5.94167,-33,-22,-48,-125,-60
5.95,-33,-21,-48,-125,-60
5.95833,-34,-21,-47,-125,-60
5.96667,-34,-21,-46,-126,-60
5.975,-35,-21,-46,-125,-59
5.98333,-36,-21,-46,-125,-58
5.99167,-36,-20,-47,-125,-58
6,-36,-21,-47,-125,-58
6.00833,-35,-21,-47,-126,-58
6.01667,-35,-21,-47,-127,-58
6.025,-35,-22,-46,-127,-57
6.03333,-35,-22,-45,-126,-58
6.04167,-34,-22,-44,-126,-58
6.05,-32,-21,-44,-126,-59
6.05833,-31,-19,-45,-126,-58
6.06667,-30,-20,-46,-126,-58
6.075,-31,-20,-47,-125,-58
6.08333,-33,-20,-47,-125,-59
6.09167,-34,-21,-47,-125,-59
6.1,-34,-21,-48,-124,-59
6.10833,-34,-20,-47,-123,-60
6.11667,-35,-20,-47,-123,-60
6.125,-36,-20,-48,-124,-60
6.13333,-36,-20,-48,-124,-59
6.14167,-36,-20,-48,-125,-59
6.15,-37,-20,-49,-126,-59
6.15833,-36,-20,-48,-126,-60
6.16667,-35,-20,-48,-126,-59
6.175,-34,-21,-46,-125,-59
6.18333,-34,-21,-45,-126,-59
6.19167,-34,-20,-45,-127,-59
6.2,-35,-20,-46,-127,-58
6.20833,-34,-21,-45,-126,-58
6.21667,-35,-22,-46,-126,-58
6.225,-35,-21,-46,-125,-57
6.23333,-36,-20,-46,-125,-57
6.24167,-36,-20,-46,-125,-58
6.25,-35,-20,-45,-125,-59
6.25833,-34,-20,-43,-127,-60
6.26667,-34,-19,-43,-128,-60
6.275,-34,-19,-44,-128,-60
6.28333,-34,-19,-45,-126,-59
6.29167,-34,-20,-45,-125,-59
6.3,-33,-20,-45,-124,-58
6.30833,-34,-19,-45,-124,-58
6.31667,-35,-20,-46,-124,-58
6.325,-35,-21,-46,-125,-59
6.33333,-35,-21,-46,-125,-59
6.34167,-36,-20,-45,-124,-59
6.35,-37,-19,-46,-124,-58
6.35833,-37,-19,-47,-125,-59
6.36667,-37,-20,-46,-125,-59
6.375,-37,-19,-45,-125,-59
6.38333,-35,-20,-46,-124,-59
6.39167,-34,-21,-46,-124,-58
6.4,-35,-20,-46,-124,-58
6.40833,-35,-20,-46,-124,-58
6.41667,-35,-21,-47,-125,-58
6.425,-35,-21,-47,-125,-58
6.43333,-35,-21,-47,-126,-58
6.44167,-35,-22,-47,-126,-58
6.45,-34,-22,-46,-126,-58
6.45833,-33,-23,-47,-125,-58
6.46667,-32,-23,-47,-125,-58
6.475,-33,-22,-48,-126,-58
6.48333,-33,-21,-47,-124,-57
6.49167,-33,-20,-47,-124,-57
6.5,-34,-19,-47,-126,-57
6.50833,-34,-18,-48,-127,-57
6.51667,-35,-18,-47,-128,-58
6.525,-36,-19,-46,-128,-58
6.53333,-37,-20,-46,-127,-57
6.54167,-37,-22,-46,-127,-57
6.55,-38,-22,-46,-126,-57
6.55833,-37,-22,-46,-126,-58
6.56667,-37,-21,-45,-126,-58
6.575,-37,-20,-45,-126,-58
6.58333,-37,-18,-45,-124,-58
6.59167,-36,-18,-45,-123,-58
6.6,-37,-18,-45,-124,-58
6.60833,-37,-18,-45,-124,-58
6.61667,-36,-18,-46,-125,-58
6.625,-36,-19,-46,-126,-58
6.63333,-36,-20,-46,-126,-59
6.64167,-34,-20,-46,-126,-59
6.65,-33,-21,-47,-126,-60
6.65833,-33,-21,-47,-127,-61
6.66667,-33,-21,-47,-127,-61
6.675,-33,-20,-47,-127,-61
6.68333,-33,-19,-47,-127,-62
6.69167,-33,-18,-46,-127,-63
6.7,-33,-18,-46,-127,-63
6.70833,-33,-19,-46,-127,-63
6.71667,-34,-20,-46,-128,-62
6.725,-35,-21,-48,-128,-63
6.73333,-35,-21,-48,-129,-62
6.74167,-36,-20,-47,-129,-61
6.75,-35,-20,-47,-130,-60
6.75833,-36,-20,-47,-132,-60
6.76667,-36,-20,-48,-133,-61
6.775,-36,-20,-47,-132,-62
6.78333,-36,-21,-46,-132,-64
6.79167,-37,-21,-45,-132,-65
6.8,-37,-20,-45,-132,-65
6.80833,-36,-21,-45,-131,-66
6.81667,-35,-21,-43,-131,-65
6.825,-35,-22,-43,-132,-65
6.83333,-35,-22,-43,-132,-65
6.84167,-35,-21,-44,-134,-65
6.85,-36,-21,-44,-134,-64
6.85833,-36,-22,-44,-134,-64
6.86667,-36,-23,-46,-134,-63
6.875,-37,-22,-48,-134,-64
6.88333,-38,-22,-48,-134,-64
6.89167,-39,-22,-48,-134,-65
6.9,-39,-22,-47,-136,-66
6.90833,-39,-22,-47,-137,-66
6.91667,-39,-22,-47,-136,-66
6.925,-40,-24,-47,-137,-66
6.93333,-39,-25,-46,-138,-66
6.94167,-39,-26,-46,-138,-66
6.95,-39,-25,-45,-138,-67
6.95833,-39,-25,-45,-138,-67
6.96667,-38,-24,-46,-137,-68
6.975,-38,-23,-46,-137,-69
6.98333,-38,-23,-47,-138,-69
6.99167,-39,-24,-47,-139,-69
7,-40,-24,-46,-140,-69
7.00833,-41,-23,-46,-139,-70
7.01667,-41,-23,-47,-139,-71
7.025,-42,-24,-47,-139,-70
7.03333,-43,-25,-47,-139,-70
7.04167,-43,-27,-47,-139,-71
7.05,-42,-29,-47,-139,-72
7.05833,-42,-30,-48,-140,-72
7.06667,-43,-30,-49,-140,-72
7.075,-43,-29,-49,-140,-72
7.08333,-43,-29,-48,-140,-72
7.09167,-43,-29,-48,-141,-72
7.1,-45,-28,-48,-142,-73
7.10833,-46,-28,-48,-142,-73
7.11667,-46,-28,-48,-143,-74
7.125,-47,-29,-48,-144,-76
7.13333,-48,-30,-49,-144,-76
7.14167,-48,-32,-50,-144,-76
7.15,-49,-32,-51,-142,-75
7.15833,-49,-33,-51,-142,-74
7.16667,-49,-33,-50,-142,-75
7.175,-49,-33,-49,-143,-75
7.18333,-49,-33,-49,-143,-76
7.19167,-49,-34,-48,-143,-76
7.2,-50,-36,-49,-143,-75
7.20833,-51,-38,-50,-143,-74
7.21667,-52,-39,-50,-143,-74
7.225,-54,-37,-50,-143,-73
7.23333,-55,-36,-50,-143,-74
7.24167,-55,-36,-51,-143,-74
7.25,-54,-37,-52,-143,-74
7.25833,-53,-36,-52,-142,-76
7.26667,-53,-36,-53,-143,-77
7.275,-52,-37,-53,-143,-77
7.28333,-52,-38,-53,-143,-77
7.29167,-52,-37,-53,-143,-77
7.3,-54,-38,-53,-142,-77
7.30833,-55,-40,-54,-142,-77
7.31667,-55,-40,-55,-142,-77
7.325,-55,-40,-55,-141,-77
7.33333,-56,-39,-56,-141,-77
7.34167,-56,-39,-54,-142,-78
7.35,-57,-39,-54,-143,-77
7.35833,-57,-40,-54,-144,-77
7.36667,-58,-40,-55,-143,-76
7.375,-58,-40,-56,-143,-77
7.38333,-60,-40,-58,-143,-78
7.39167,-61,-40,-59,-142,-78
7.4,-62,-40,-59,-141,-78
7.40833,-63,-40,-59,-141,-78
7.41667,-62,-41,-58,-141,-77
7.425,-61,-42,-57,-142,-77
7.43333,-60,-42,-59,-141,-78
7.44167,-60,-41,-60,-141,-78
7.45,-60,-41,-60,-141,-77
7.45833,-61,-41,-60,-140,-77
7.46667,-62,-41,-61,-140,-76
7.475,-62,-43,-61,-140,-76
7.48333,-62,-43,-62,-140,-77
7.49167,-62,-43,-62,-140,-78
7.5,-62,-43,-63,-140,-78
7.50833,-62,-43,-63,-139,-78
7.51667,-62,-42,-63,-139,-77
7.525,-63,-43,-63,-138,-77
7.53333,-63,-44,-62,-138,-77
7.54167,-63,-44,-62,-138,-77
7.55,-62,-44,-62,-138,-76
7.55833,-62,-44,-63,-137,-76
7.56667,-64,-45,-64,-137,-77
7.575,-64,-45,-65,-136,-77
7.58333,-64,-45,-66,-137,-77
7.59167,-64,-45,-67,-137,-77
7.6,-64,-44,-67,-137,-76
7.60833,-65,-43,-67,-138,-76
7.61667,-66,-44,-67,-138,-76
7.625,-65,-45,-67,-138,-77
7.63333,-64,-46,-67,-138,-77
7.64167,-64,-45,-67,-139,-77
7.65,-64,-45,-68,-139,-77
7.65833,-64,-44,-70,-140,-76
7.66667,-64,-45,-70,-139,-75
7.675,-64,-46,-69,-138,-76
7.68333,-65,-46,-69,-137,-76
7.69167,-65,-47,-70,-137,-75
7.7,-65,-47,-69,-138,-74
7.70833,-64,-46,-68,-139,-74
7.71667,-63,-45,-69,-140,-74
7.725,-64,-44,-70,-140,-75
7.73333,-64,-44,-70,-139,-75
7.74167,-64,-45,-70,-138,-74
7.75,-64,-45,-70,-138,-74
7.75833,-64,-46,-69,-138,-74
7.76667,-65,-46,-69,-138,-74
7.775,-66,-46,-70,-138,-75
7.78333,-66,-44,-70,-138,-75
7.79167,-66,-45,-70,-137,-74
7.8,-64,-46,-69,-137,-74
7.80833,-64,-47,-69,-138,-74
7.81667,-64,-47,-70,-138,-74
7.825,-63,-47,-70,-138,-74
7.83333,-62,-46,-70,-138,-73
7.84167,-62,-45,-70,-137,-72
7.85,-62,-45,-71,-137,-73
7.85833,-62,-46,-71,-137,-73
7.86667,-62,-45,-72,-136,-73
7.875,-61,-44,-72,-136,-74
7.88333,-60,-43,-72,-137,-73
7.89167,-61,-42,-71,-137,-73
7.9,-62,-43,-70,-138,-72
7.90833,-63,-43,-70,-137,-72
7.91667,-64,-42,-72,-137,-73
7.925,-64,-41,-72,-136,-73
7.93333,-63,-42,-71,-137,-73
7.94167,-62,-44,-70,-138,-73
7.95,-62,-46,-71,-139,-72
7.95833,-62,-46,-71,-139,-72
7.96667,-64,-45,-72,-138,-73
7.975,-65,-44,-72,-138,-73
7.98333,-65,-43,-73,-138,-73
7.99167,-64,-43,-73,-136,-72
8,-64,-43,-73,-135,-72
8.00833,-62,-42,-73,-134,-72
8.01667,-60,-42,-73,-134,-71
8.025,-60,-42,-74,-135,-70
8.03333,-60,-42,-73,-137,-69
8.04167,-60,-42,-73,-136,-68
8.05,-61,-41,-73,-136,-68
8.05833,-61,-39,-73,-137,-68
8.06667,-61,-40,-74,-136,-68
8.075,-62,-41,-74,-136,-68
8.08333,-62,-42,-74,-137,-69
8.09167,-62,-43,-75,-137,-70
8.1,-62,-42,-75,-137,-71
8.10833,-62,-42,-75,-136,-71
8.11667,-61,-42,-73,-136,-71
8.125,-59,-42,-72,-135,-70
8.13333,-59,-41,-72,-136,-70
8.14167,-59,-39,-71,-135,-70
8.15,-60,-39,-71,-136,-70
8.15833,-61,-39,-71,-136,-69
8.16667,-61,-39,-71,-136,-69
8.175,-61,-39,-70,-136,-69
8.18333,-61,-38,-71,-136,-70
8.19167,-60,-38,-72,-136,-71
8.2,-61,-38,-74,-137,-71
8.20833,-61,-38,-74,-136,-71
8.21667,-61,-39,-73,-136,-71
8.225,-62,-40,-73,-137,-71
8.23333,-62,-39,-72,-138,-70
8.24167,-61,-39,-72,-138,-70
8.25,-60,-39,-71,-137,-69
8.25833,-59,-39,-71,-136,-68
8.26667,-59,-39,-72,-135,-68
8.275,-59,-40,-73,-134,-68
8.28333,-58,-39,-73,-134,-67
8.29167,-59,-39,-72,-134,-67
8.3,-59,-38,-72,-133,-67
8.30833,-59,-38,-72,-134,-66
8.31667,-59,-38,-71,-134,-66
8.325,-58,-37,-72,-134,-65
8.33333,-58,-37,-72,-134,-64
8.34167,-56,-37,-71,-134,-63
8.35,-55,-36,-71,-135,-64
8.35833,-56,-36,-71,-135,-64
8.36667,-57,-36,-71,-134,-64
8.375,-57,-36,-72,-134,-63
8.38333,-58,-36,-72,-135,-62
8.39167,-58,-37,-71,-135,-62
8.4,-59,-37,-70,-136,-62
8.40833,-57,-37,-69,-136,-62
8.41667,-56,-36,-69,-135,-61
8.425,-58,-36,-69,-133,-60
8.43333,-59,-36,-70,-133,-60
8.44167,-60,-37,-71,-133,-59
8.45,-59,-38,-72,-133,-58
8.45833,-58,-37,-70,-134,-58
8.46667,-58,-37,-70,-134,-57
8.475,-58,-37,-69,-134,-57
8.48333,-57,-37,-69,-135,-57
8.49167,-56,-37,-69,-135,-57
8.5,-56,-37,-69,-135,-56
8.50833,-56,-36,-70,-136,-55
8.51667,-55,-36,-69,-137,-54
8.525,-55,-36,-69,-137,-53
8.53333,-55,-36,-68,-137,-53
8.54167,-54,-35,-68,-136,-52
8.55,-53,-35,-69,-135,-52
8.55833,-53,-35,-70,-135,-52
8.56667,-53,-35,-70,-136,-53
8.575,-54,-34,-69,-136,-55
8.58333,-54,-34,-68,-137,-55
8.59167,-54,-34,-69,-138,-56
8.6,-54,-34,-69,-137,-57
8.60833,-54,-34,-69,-137,-57
8.61667,-54,-34,-70,-137,-56
8.625,-54,-33,-71,-136,-56
8.63333,-55,-32,-71,-136,-56
8.64167,-55,-32,-69,-136,-57
8.65,-56,-32,-69,-136,-58
8.65833,-56,-32,-70,-137,-59
8.66667,-55,-32,-69,-137,-59
8.675,-56,-32,-68,-137,-59
8.68333,-55,-33,-68,-138,-59
8.69167,-55,-33,-69,-139,-60
8.7,-54,-32,-69,-139,-60
8.70833,-53,-32,-70,-139,-61
8.71667,-52,-32,-69,-139,-61
8.725,-51,-32,-68,-139,-62
8.73333,-50,-33,-68,-139,-62
8.74167,-49,-33,-68,-139,-62
8.75,-51,-33,-68,-139,-61
8.75833,-51,-33,-68,-138,-61
8.76667,-52,-32,-68,-139,-62
8.775,-51,-30,-68,-139,-63
8.78333,-50,-31,-68,-139,-63
8.79167,-50,-32,-68,-139,-64
8.8,-51,-32,-69,-139,-63
8.80833,-50,-32,-68,-139,-62
8.81667,-49,-31,-67,-139,-63
8.825,-49,-31,-67,-139,-63
8.83333,-48,-31,-67,-139,-63
8.84167,-47,-31,-66,-139,-63
8.85,-47,-31,-65,-139,-63
8.85833,-48,-30,-64,-139,-64
8.86667,-48,-29,-65,-140,-65
8.875,-48,-29,-65,-140,-65
8.88333,-48,-29,-64,-141,-64
8.89167,-49,-29,-65,-142,-64
8.9,-49,-29,-65,-142,-64
8.90833,-49,-28,-66,-142,-63
8.91667,-47,-28,-67,-143,-63
8.925,-47,-28,-66,-143,-63
8.93333,-47,-29,-65,-143,-63
8.94167,-48,-29,-65,-143,-62
8.95,-49,-30,-65,-143,-63
8.95833,-48,-31,-65,-144,-63
8.96667,-47,-30,-66,-144,-63
8.975,-46,-29,-66,-144,-63
8.98333,-46,-30,-66,-145,-63
8.99167,-46,-30,-66,-144,-63
9,-46,-29,-65,-143,-63
9.00833,-46,-28,-65,-144,-64
9.01667,-46,-27,-64,-144,-65
9.025,-46,-27,-64,-144,-64
9.03333,-45,-28,-63,-144,-64
9.04167,-44,-29,-63,-143,-63
9.05,-44,-29,-63,-143,-63
9.05833,-44,-30,-64,-144,-63
9.06667,-46,-30,-65,-144,-63
9.075,-47,-29,-65,-145,-63
9.08333,-48,-29,-65,-145,-63
9.09167,-47,-29,-64,-145,-63
9.1,-47,-30,-65,-146,-62
9.10833,-46,-29,-64,-145,-63
9.11667,-45,-28,-64,-146,-63
9.125,-45,-27,-63,-147,-63
9.13333,-46,-27,-63,-147,-62
9.14167,-47,-27,-62,-147,-62
9.15,-47,-27,-63,-146,-62
9.15833,-47,-27,-63,-147,-62
9.16667,-47,-26,-62,-148,-63
9.175,-47,-25,-63,-149,-62
9.18333,-47,-24,-63,-149,-62
9.19167,-46,-24,-64,-149,-62
9.2,-45,-23,-63,-148,-61
9.20833,-45,-21,-62,-149,-62
9.21667,-44,-20,-62,-150,-62
9.225,-45,-20,-62,-150,-61
9.23333,-45,-20,-62,-151,-61
9.24167,-45,-20,-62,-150,-61
9.25,-45,-20,-62,-150,-61
9.25833,-44,-21,-62,-149,-60
9.26667,-45,-21,-63,-149,-60
9.275,-47,-20,-64,-149,-60
9.28333,-47,-19,-63,-150,-60
9.29167,-45,-18,-62,-152,-61
9.3,-45,-18,-63,-153,-61
9.30833,-44,-18,-63,-153,-61
9.31667,-44,-17,-63,-153,-60
9.325,-44,-18,-63,-153,-60
9.33333,-44,-18,-62,-153,-60
9.34167,-45,-19,-60,-153,-59
9.35,-45,-19,-60,-153,-59
9.35833,-45,-20,-60,-154,-60
9.36667,-45,-20,-61,-154,-60
9.375,-44,-19,-62,-153,-61
9.38333,-43,-19,-62,-153,-61
9.39167,-43,-18,-61,-154,-61
9.4,-44,-18,-62,-155,-61
9.40833,-45,-18,-63,-154,-60
9.41667,-45,-17,-63,-155,-60
9.425,-45,-17,-63,-156,-60
9.43333,-44,-18,-62,-156,-61
9.44167,-42,-18,-61,-156,-61
9.45,-41,-18,-61,-157,-61
9.45833,-41,-18,-62,-157,-62
9.46667,-42,-20,-62,-158,-61
9.475,-42,-20,-62,-158,-61
9.48333,-42,-20,-62,-157,-61
9.49167,-42,-20,-61,-156,-61
9.5,-43,-19,-60,-157,-60
9.50833,-44,-19,-60,-157,-60
9.51667,-46,-19,-60,-158,-59
9.525,-46,-19,-61,-158,-59
9.53333,-45,-18,-61,-158,-58
9.54167,-45,-18,-61,-160,-59
9.55,-44,-18,-62,-161,-60
9.55833,-45,-20,-63,-161,-60
9.56667,-46,-20,-62,-161,-60
9.575,-47,-20,-62,-160,-60
9.58333,-48,-20,-62,-160,-60
9.59167,-48,-21,-62,-161,-60
9.6,-47,-22,-62,-162,-59
9.60833,-46,-22,-63,-161,-60
9.61667,-46,-22,-63,-161,-59
9.625,-45,-21,-63,-162,-59
9.63333,-45,-21,-64,-163,-60
9.64167,-45,-21,-64,-164,-60
9.65,-46,-21,-64,-164,-61
9.65833,-47,-20,-63,-163,-61
9.66667,-46,-20,-63,-163,-62
9.675,-46,-19,-63,-163,-62
9.68333,-45,-20,-63,-164,-61
9.69167,-45,-20,-64,-165,-61
9.7,-45,-20,-63,-165,-60
9.70833,-45,-19,-63,-165,-60
9.71667,-45,-18,-64,-165,-60
9.725,-44,-19,-64,-163,-60
9.73333,-43,-21,-64,-163,-59
9.74167,-44,-21,-64,-165,-60
9.75,-44,-21,-64,-166,-60
9.75833,-44,-21,-61,-166,-60
9.76667,-43,-21,-60,-166,-60
9.775,-43,-22,-60,-166,-59
9.78333,-44,-22,-61,-167,-60
9.79167,-44,-22,-62,-167,-61
9.8,-43,-22,-62,-167,-61
9.80833,-45,-21,-63,-167,-61
9.81667,-46,-21,-64,-167,-60
9.825,-46,-20,-64,-168,-61
9.83333,-44,-19,-62,-169,-61
9.84167,-43,-19,-63,-171,-61
9.85,-42,-19,-64,-170,-60
9.85833,-42,-19,-65,-171,-60
9.86667,-42,-19,-65,-171,-60
9.875,-42,-20,-63,-171,-59
9.88333,-43,-20,-61,-172,-59
9.89167,-42,-20,-60,-172,-59
9.9,-42,-19,-60,-171,-59
9.90833,-42,-20,-60,-170,-60
9.91667,-42,-21,-61,-172,-60
9.925,-43,-22,-62,-173,-61
9.93333,-41,-22,-62,-173,-61
9.94167,-41,-21,-63,-174,-61
9.95,-41,-20,-63,-175,-61
9.95833,-41,-20,-64,-176,-59
9.96667,-41,-19,-65,-176,-58
9.975,-43,-18,-66,-175,-57
9.98333,-43,-18,-65,-174,-58
9.99167,-42,-19,-65,-175,-58
10,-41,-18,-65,-176,-59
10.00833,-41,-19,-65,-176,-59
10.01667,-40,-19,-65,-175,-59
10.025,-39,-19,-64,-175,-59
10.03333,-40,-20,-64,-174,-58
10.04167,-40,-20,-63,-174,-58
10.05,-41,-18,-63,-175,-58
10.05833,-42,-18,-62,-175,-59
10.06667,-43,-18,-62,-175,-59
10.075,-43,-19,-62,-176,-59
10.08333,-43,-19,-61,-178,-60
10.09167,-43,-20,-60,-178,-60
10.1,-42,-20,-60,-179,-60
10.10833,-41,-20,-61,-178,-59
10.11667,-41,-20,-61,-179,-59
10.125,-42,-19,-62,-179,-58
10.13333,-42,-19,-62,-178,-57
10.14167,-42,-20,-63,-178,-57
10.15,-42,-20,-63,-178,-57
10.15833,-43,-19,-62,-179,-58
10.16667,-43,-19,-62,-180,-59
10.175,-42,-19,-62,-182,-59
10.18333,-43,-20,-63,-183,-59
10.19167,-43,-20,-63,-182,-58
10.2,-43,-19,-63,-180,-57
10.20833,-43,-19,-64,-180,-56
10.21667,-43,-19,-63,-181,-53
10.225,-44,-18,-62,-183,-50
10.23333,-44,-18,-61,-183,-47
10.24167,-43,-17,-61,-183,-43
10.25,-43,-18,-61,-184,-37
10.25833,-43,-18,-62,-185,-29
10.26667,-42,-18,-62,-186,-22
10.275,-42,-17,-62,-185,-13
10.28333,-42,-17,-62,-185,-4
10.29167,-42,-17,-61,-186,6
10.3,-43,-16,-60,-187,17
10.30833,-43,-16,-61,-187,29
10.31667,-43,-16,-62,-187,40
10.325,-43,-16,-62,-188,48
10.33333,-43,-16,-61,-189,56
10.34167,-43,-16,-61,-190,61
10.35,-44,-16,-61,-189,64
10.35833,-45,-17,-60,-189,65
10.36667,-44,-17,-61,-189,63
10.375,-44,-18,-62,-189,60
10.38333,-44,-18,-61,-189,55
10.39167,-45,-19,-62,-189,48
10.4,-45,-19,-62,-190,42
10.40833,-45,-19,-62,-191,34
10.41667,-44,-19,-61,-191,26
10.425,-44,-19,-61,-191,19
10.43333,-45,-18,-62,-191,13
10.44167,-46,-17,-63,-191,6
10.45,-45,-19,-63,-192,-2
10.45833,-44,-19,-63,-192,-7
10.46667,-45,-20,-62,-192,-12
10.475,-46,-20,-63,-194,-16
10.48333,-46,-21,-63,-195,-21
10.49167,-45,-20,-62,-196,-25
10.5,-45,-20,-62,-197,-29
10.50833,-45,-20,-61,-196,-32
10.51667,-46,-20,-60,-196,-34
10.525,-46,-20,-60,-196,-36
10.53333,-46,-20,-59,-196,-38
10.54167,-47,-19,-58,-197,-41
10.55,-47,-19,-59,-198,-43
10.55833,-48,-20,-60,-198,-45
10.56667,-47,-21,-61,-198,-47
10.575,-46,-20,-62,-198,-49
10.58333,-45,-21,-62,-198,-51
10.59167,-44,-20,-61,-197,-53
10.6,-44,-20,-61,-197,-55
10.60833,-45,-20,-62,-197,-57
10.61667,-46,-20,-62,-197,-59
10.625,-46,-20,-61,-197,-59
10.63333,-46,-19,-60,-198,-59
10.64167,-46,-18,-58,-198,-59
10.65,-46,-18,-58,-198,-60
10.65833,-46,-19,-59,-198,-61
10.66667,-46,-20,-60,-198,-62
10.675,-46,-21,-62,-198,-63
10.68333,-47,-21,-62,-199,-63
10.69167,-48,-21,-62,-200,-64
10.7,-48,-21,-62,-201,-64
10.70833,-47,-21,-62,-202,-65
10.71667,-46,-21,-62,-202,-66
10.725,-47,-20,-62,-202,-66
10.73333,-46,-21,-63,-203,-67
10.74167,-46,-22,-63,-203,-68
10.75,-46,-22,-63,-203,-68
10.75833,-47,-21,-63,-204,-68
10.76667,-47,-20,-62,-204,-68
10.775,-48,-21,-62,-204,-68
10.78333,-48,-21,-63,-204,-68
10.79167,-48,-21,-64,-203,-67
10.8,-49,-22,-64,-203,-67
10.80833,-50,-22,-64,-204,-67
10.81667,-50,-21,-63,-205,-67
10.825,-51,-21,-63,-205,-67
10.83333,-51,-21,-63,-206,-68
10.84167,-51,-22,-64,-206,-69
10.85,-51,-23,-66,-206,-68
10.85833,-50,-24,-66,-205,-68
10.86667,-49,-25,-66,-204,-68
10.875,-49,-25,-66,-204,-69
10.88333,-49,-25,-65,-203,-69
10.89167,-49,-24,-64,-203,-69
10.9,-49,-24,-65,-204,-68
10.90833,-49,-23,-65,-204,-69
10.91667,-49,-23,-64,-202,-70
10.925,-50,-23,-64,-202,-69
10.93333,-50,-21,-65,-201,-70
10.94167,-51,-21,-66,-200,-70
10.95,-51,-21,-66,-198,-70
10.95833,-50,-22,-67,-197,-70
10.96667,-49,-23,-66,-197,-70
10.975,-49,-23,-66,-196,-70
10.98333,-50,-24,-66,-195,-70
10.99167,-51,-23,-66,-195,-70
11,-51,-23,-66,-196,-70
11.00833,-51,-23,-65,-197,-69
11.01667,-52,-24,-66,-198,-68
11.025,-52,-25,-67,-199,-66
11.03333,-52,-26,-67,-199,-65
11.04167,-52,-26,-66,-199,-63
11.05,-51,-25,-66,-199,-62
11.05833,-52,-25,-65,-200,-60
11.06667,-52,-25,-65,-201,-59
11.075,-53,-24,-65,-202,-58
11.08333,-53,-24,-66,-204,-55
11.09167,-54,-24,-66,-205,-52
11.1,-54,-26,-68,-206,-52
11.10833,-54,-26,-69,-207,-50
11.11667,-53,-26,-69,-208,-48
11.125,-53,-25,-69,-209,-47
11.13333,-53,-26,-68,-210,-45
11.14167,-53,-27,-66,-211,-45
11.15,-53,-27,-65,-211,-46
11.15833,-53,-27,-65,-212,-45
11.16667,-52,-26,-65,-212,-44
11.175,-52,-27,-64,-212,-44
11.18333,-54,-27,-63,-212,-45
11.19167,-55,-28,-63,-213,-47
11.2,-57,-29,-63,-214,-48
11.20833,-56,-29,-63,-214,-48
11.21667,-56,-29,-64,-214,-49
11.225,-55,-29,-64,-215,-50
11.23333,-55,-30,-65,-216,-51
11.24167,-56,-30,-66,-216,-53
11.25,-55,-30,-67,-216,-55
11.25833,-56,-29,-67,-216,-56
11.26667,-57,-30,-67,-217,-57
11.275,-58,-32,-66,-217,-58
11.28333,-59,-32,-66,-218,-59
11.29167,-59,-32,-66,-218,-61
11.3,-59,-33,-66,-219,-62
11.30833,-59,-33,-66,-219,-63
11.31667,-59,-32,-66,-221,-63
11.325,-60,-32,-66,-222,-64
11.33333,-60,-31,-67,-223,-66
11.34167,-60,-32,-68,-225,-66
11.35,-60,-33,-69,-226,-67
11.35833,-60,-34,-70,-227,-69
11.36667,-61,-34,-69,-227,-71
11.375,-61,-33,-69,-226,-71
11.38333,-61,-34,-68,-226,-72
11.39167,-61,-35,-67,-226,-73
11.4,-62,-36,-68,-227,-74
11.40833,-62,-37,-69,-228,-74
11.41667,-61,-37,-69,-229,-76
11.425,-62,-37,-69,-230,-77
11.43333,-63,-37,-68,-230,-79
11.44167,-64,-37,-67,-230,-81
11.45,-64,-37,-68,-230,-81
11.45833,-64,-38,-70,-229,-82
11.46667,-63,-37,-69,-230,-84
11.475,-62,-38,-68,-230,-84
11.48333,-62,-39,-67,-230,-84
11.49167,-61,-39,-66,-231,-84
11.5,-62,-39,-67,-232,-86
11.50833,-62,-39,-68,-232,-86
11.51667,-62,-39,-69,-233,-86
11.525,-63,-39,-71,-233,-86
11.53333,-62,-38,-72,-232,-87
11.54167,-62,-38,-72,-231,-88
11.55,-63,-38,-71,-231,-89
11.55833,-64,-38,-71,-232,-89
11.56667,-64,-38,-72,-233,-89
11.575,-64,-38,-71,-234,-90
11.58333,-64,-39,-71,-233,-90
11.59167,-65,-39,-72,-233,-91
11.6,-66,-39,-73,-232,-91
11.60833,-66,-39,-72,-233,-91
11.61667,-67,-40,-71,-234,-92
11.625,-67,-41,-71,-236,-92
11.63333,-66,-41,-71,-237,-92
11.64167,-67,-42,-72,-237,-93
11.65,-68,-42,-73,-236,-94
11.65833,-68,-42,-73,-236,-93
11.66667,-68,-43,-74,-236,-93
11.675,-68,-44,-74,-238,-93
11.68333,-68,-44,-75,-237,-93
11.69167,-69,-45,-75,-238,-93
11.7,-70,-45,-76,-238,-93
11.70833,-71,-46,-75,-237,-94
11.71667,-69,-47,-75,-237,-94
11.725,-69,-46,-74,-238,-94
11.73333,-70,-46,-74,-238,-94
11.74167,-70,-46,-76,-238,-94
11.75,-70,-46,-77,-238,-95
11.75833,-70,-46,-78,-237,-95
11.76667,-70,-46,-77,-237,-95
11.775,-71,-45,-76,-237,-95
11.78333,-71,-45,-75,-237,-97
11.79167,-71,-45,-76,-238,-98
11.8,-71,-45,-78,-238,-99
11.80833,-73,-47,-78,-240,-99
11.81667,-73,-46,-77,-242,-100
11.825,-73,-45,-78,-242,-101
11.83333,-73,-44,-78,-242,-102
11.84167,-73,-46,-79,-241,-103
11.85,-74,-46,-79,-241,-103
11.85833,-76,-47,-79,-241,-102
11.86667,-77,-47,-79,-242,-102
11.875,-77,-49,-78,-243,-103
11.88333,-77,-50,-78,-244,-104
11.89167,-77,-50,-78,-243,-104
11.9,-76,-49,-80,-242,-103
11.90833,-77,-49,-81,-241,-103
11.91667,-76,-48,-82,-241,-103
11.925,-75,-47,-83,-242,-105
11.93333,-75,-47,-83,-243,-105
11.94167,-76,-47,-83,-243,-104
11.95,-77,-47,-83,-245,-105
11.95833,-77,-48,-83,-248,-105
11.96667,-78,-48,-82,-249,-103
11.975,-78,-49,-81,-248,-103
11.98333,-78,-49,-80,-248,-103
11.99167,-78,-49,-79,-248,-104
12,-79,-49,-79,-249,-105
12.00833,-79,-49,-79,-249,-105
12.01667,-79,-50,-80,-250,-104
12.025,-79,-51,-80,-250,-104
12.03333,-80,-53,-81,-250,-105
12.04167,-80,-54,-81,-250,-104
12.05,-81,-55,-81,-250,-103
12.05833,-81,-54,-82,-250,-103
12.06667,-81,-53,-82,-249,-102
12.075,-82,-52,-81,-249,-102
12.08333,-82,-52,-80,-250,-103
12.09167,-82,-53,-81,-252,-104
12.1,-83,-55,-82,-252,-104
12.10833,-83,-56,-82,-252,-105
12.11667,-83,-55,-82,-253,-105
12.125,-83,-55,-82,-252,-105
12.13333,-83,-56,-81,-252,-105
12.14167,-84,-57,-81,-252,-105
12.15,-85,-58,-81,-252,-105
12.15833,-86,-57,-82,-252,-106
12.16667,-87,-58,-83,-251,-106
12.175,-87,-58,-84,-251,-105
12.18333,-87,-59,-84,-252,-106
12.19167,-87,-58,-83,-252,-106
12.2,-86,-59,-83,-252,-107
12.20833,-86,-60,-83,-252,-107
12.21667,-87,-59,-83,-252,-107
12.225,-87,-58,-84,-254,-107
12.23333,-87,-59,-83,-254,-107
12.24167,-88,-59,-82,-254,-107
12.25,-89,-58,-82,-255,-108
12.25833,-88,-59,-84,-255,-109
12.26667,-87,-61,-84,-254,-109
12.275,-87,-61,-85,-253,-110
12.28333,-88,-61,-87,-254,-110
12.29167,-89,-62,-87,-254,-110
12.3,-89,-63,-87,-254,-109
12.30833,-89,-64,-86,-255,-109
12.31667,-88,-63,-86,-256,-110
12.325,-88,-63,-87,-257,-111
12.33333,-89,-62,-88,-257,-111
12.34167,-90,-62,-88,-257,-111
12.35,-91,-63,-89,-256,-112
12.35833,-92,-63,-90,-255,-112
12.36667,-92,-63,-90,-255,-112
12.375,-91,-63,-90,-255,-113
12.38333,-91,-64,-90,-255,-113
12.39167,-92,-65,-90,-256,-114
12.4,-92,-66,-90,-257,-116
12.40833,-91,-67,-90,-258,-117
12.41667,-92,-67,-90,-258,-117
12.425,-91,-67,-91,-258,-116
12.43333,-91,-67,-91,-257,-117
12.44167,-91,-68,-90,-257,-117
12.45,-92,-67,-89,-257,-116
12.45833,-93,-67,-89,-257,-116
12.46667,-93,-66,-89,-257,-117
12.475,-94,-66,-89,-257,-118
12.48333,-93,-66,-90,-255,-117
12.49167,-94,-67,-90,-254,-116
12.5,-94,-66,-92,-255,-115
12.50833,-96,-66,-93,-255,-115
12.51667,-97,-65,-94,-254,-114
12.525,-97,-65,-93,-254,-113
12.53333,-97,-66,-92,-253,-114
12.54167,-97,-67,-92,-251,-114
12.55,-97,-66,-92,-250,-114
12.55833,-97,-66,-93,-251,-114
12.56667,-97,-68,-93,-251,-114
12.575,-96,-69,-93,-251,-115
12.58333,-95,-68,-95,-251,-116
12.59167,-95,-68,-96,-251,-118
12.6,-96,-68,-96,-252,-118
12.60833,-96,-69,-96,-252,-119
12.61667,-96,-70,-97,-252,-117
12.625,-96,-69,-96,-253,-117
12.63333,-95,-69,-96,-254,-116
12.64167,-95,-68,-95,-255,-117
12.65,-95,-68,-94,-254,-116
12.65833,-97,-69,-95,-254,-116
12.66667,-98,-70,-95,-254,-116
12.675,-98,-70,-95,-254,-116
12.68333,-99,-69,-95,-254,-115
12.69167,-99,-68,-95,-254,-116
12.7,-99,-68,-97,-254,-115
12.70833,-99,-68,-98,-255,-116
12.71667,-98,-67,-97,-255,-117
12.725,-97,-66,-96,-255,-117
12.73333,-98,-66,-96,-257,-117
12.74167,-99,-66,-97,-258,-117
12.75,-99,-66,-98,-260,-116
12.75833,-99,-67,-98,-261,-117
12.76667,-98,-69,-98,-260,-117
12.775,-98,-70,-98,-259,-116
12.78333,-98,-70,-98,-259,-114
12.79167,-99,-69,-98,-259,-115
12.8,-100,-69,-98,-260,-116
12.80833,-98,-69,-97,-260,-117
12.81667,-97,-70,-97,-259,-118
12.825,-98,-70,-97,-259,-118
12.83333,-99,-71,-96,-259,-118
12.84167,-100,-70,-96,-258,-117
12.85,-100,-70,-96,-257,-116
12.85833,-98,-70,-97,-257,-116
12.86667,-97,-70,-97,-257,-116
12.875,-97,-71,-98,-257,-117
12.88333,-98,-71,-99,-258,-116
12.89167,-98,-70,-99,-258,-115
12.9,-97,-68,-99,-258,-114
12.90833,-98,-68,-99,-258,-115
12.91667,-97,-69,-98,-257,-115
12.925,-95,-69,-97,-257,-116
12.93333,-93,-69,-98,-257,-116
12.94167,-92,-70,-98,-258,-116
12.95,-90,-70,-98,-258,-116
12.95833,-88,-71,-98,-258,-115
12.96667,-86,-71,-99,-257,-115
12.975,-84,-71,-98,-257,-114
12.98333,-81,-70,-97,-258,-114
12.99167,-78,-69,-97,-258,-114
13,-73,-69,-97,-259,-113
13.00833,-69,-68,-97,-259,-112
13.01667,-64,-67,-98,-259,-113
13.025,-59,-66,-98,-258,-113
13.03333,-55,-65,-98,-258,-113
13.04167,-51,-64,-98,-259,-113
13.05,-47,-64,-99,-259,-114
13.05833,-45,-61,-98,-259,-114
13.06667,-42,-58,-98,-258,-113
13.075,-41,-55,-98,-258,-113
13.08333,-41,-52,-98,-258,-112
13.09167,-42,-48,-97,-257,-112
13.1,-43,-45,-97,-256,-113
13.10833,-44,-42,-97,-256,-113
13.11667,-46,-40,-97,-256,-113
13.125,-49,-38,-97,-256,-113
13.13333,-53,-35,-97,-255,-113
13.14167,-56,-34,-97,-254,-113
13.15,-58,-32,-97,-253,-114
13.15833,-60,-31,-96,-251,-115
13.16667,-63,-29,-94,-249,-114
13.175,-65,-28,-95,-248,-113
13.18333,-68,-29,-96,-248,-114
13.19167,-70,-31,-97,-247,-114
13.2,-72,-33,-96,-246,-114
13.20833,-74,-33,-96,-247,-114
13.21667,-76,-34,-95,-248,-113
13.225,-78,-35,-95,-248,-111
13.23333,-79,-37,-95,-248,-111
13.24167,-80,-39,-94,-248,-112
13.25,-82,-41,-94,-249,-112
13.25833,-83,-43,-94,-249,-112
13.26667,-84,-45,-94,-250,-111
13.275,-84,-47,-94,-251,-111
13.28333,-84,-49,-94,-252,-110
13.29167,-86,-50,-95,-252,-111
13.3,-87,-51,-95,-252,-111
13.30833,-87,-52,-94,-252,-110
13.31667,-87,-52,-94,-253,-108
13.325,-87,-54,-96,-253,-108
13.33333,-88,-56,-97,-253,-108
13.34167,-89,-57,-96,-255,-108
13.35,-89,-57,-95,-256,-108
13.35833,-90,-57,-94,-255,-108
13.36667,-90,-58,-93,-256,-108
13.375,-89,-58,-93,-257,-108
13.38333,-89,-58,-93,-258,-107
13.39167,-89,-59,-94,-258,-107
13.4,-89,-60,-93,-258,-107
13.40833,-88,-61,-92,-258,-107
13.41667,-89,-62,-91,-258,-108
13.425,-89,-62,-92,-259,-107
13.43333,-89,-62,-92,-260,-107
13.44167,-89,-62,-92,-260,-107
13.45,-88,-62,-92,-260,-107
13.45833,-88,-62,-92,-260,-106
13.46667,-87,-63,-92,-260,-105
13.475,-87,-64,-92,-260,-104
13.48333,-86,-64,-92,-260,-103
13.49167,-84,-64,-92,-260,-100
13.5,-84,-65,-92,-259,-96
13.50833,-84,-65,-92,-259,-91
13.51667,-85,-65,-91,-260,-86
13.525,-84,-65,-91,-260,-80
13.53333,-84,-65,-90,-261,-72
13.54167,-85,-65,-89,-262,-62
13.55,-85,-66,-89,-263,-49
13.55833,-84,-66,-90,-263,-31
13.56667,-84,-65,-90,-263,-9
13.575,-83,-64,-90,-262,16
13.58333,-82,-64,-90,-261,45
13.59167,-80,-65,-89,-262,77
13.6,-78,-65,-88,-262,113
13.60833,-77,-66,-87,-261,152
13.61667,-76,-65,-86,-261,191
13.625,-74,-65,-87,-261,232
13.63333,-72,-65,-89,-261,274
13.64167,-70,-64,-88,-262,316
13.65,-70,-66,-88,-262,356
13.65833,-70,-67,-89,-263,391
13.66667,-69,-68,-89,-264,423
13.675,-69,-67,-89,-264,452
13.68333,-68,-67,-87,-263,475
13.69167,-69,-67,-87,-263,494
13.7,-68,-67,-86,-263,507
13.70833,-68,-66,-85,-262,515
13.71667,-68,-65,-85,-262,519
13.725,-68,-65,-85,-261,519
13.73333,-69,-66,-85,-262,516
13.74167,-71,-66,-84,-261,513
13.75,-73,-65,-84,-260,511
13.75833,-74,-65,-85,-261,510
13.76667,-76,-64,-85,-261,512
13.775,-77,-65,-85,-261,515
13.78333,-77,-65,-85,-260,521
13.79167,-78,-66,-85,-258,529
13.8,-79,-66,-85,-258,538
13.80833,-79,-66,-85,-259,549
13.81667,-80,-66,-85,-260,561
13.825,-79,-64,-86,-259,572
13.83333,-79,-64,-85,-260,581
13.84167,-78,-65,-84,-260,588
13.85,-79,-64,-83,-260,592
13.85833,-78,-64,-83,-260,591
13.86667,-78,-64,-83,-259,584
13.875,-79,-65,-83,-259,571
13.88333,-79,-65,-83,-260,554
13.89167,-79,-64,-82,-261,533
13.9,-78,-63,-81,-262,509
13.90833,-77,-63,-82,-263,485
13.91667,-76,-63,-83,-263,461
13.925,-74,-63,-83,-263,438
13.93333,-72,-63,-82,-264,418
13.94167,-68,-63,-82,-263,404
13.95,-65,-63,-82,-262,399
13.95833,-62,-63,-83,-262,407
13.96667,-61,-63,-82,-262,431
13.975,-59,-63,-82,-263,474
13.98333,-56,-64,-82,-264,539
13.99167,-54,-65,-82,-265,629
14,-53,-65,-81,-265,749
14.00833,-51,-66,-81,-266,904
14.01667,-51,-66,-80,-265,1096
14.025,-50,-65,-80,-264,1325
14.03333,-50,-64,-80,-263,1596
14.04167,-51,-65,-80,-262,1908
14.05,-51,-64,-80,-262,2258
14.05833,-51,-64,-79,-261,2638
14.06667,-52,-65,-79,-261,3039
14.075,-54,-66,-79,-262,3453
14.08333,-57,-65,-80,-262,3868
14.09167,-59,-65,-80,-263,4267
14.1,-61,-65,-81,-262,4636
14.10833,-62,-64,-81,-263,4962
14.11667,-64,-64,-80,-263,5231
14.125,-65,-63,-79,-261,5433
14.13333,-66,-63,-79,-261,5559
14.14167,-67,-63,-80,-261,5607
14.15,-67,-64,-80,-262,5577
14.15833,-67,-64,-79,-263,5473
14.16667,-68,-64,-78,-265,5303
14.175,-69,-64,-79,-265,5080
14.18333,-69,-63,-78,-265,4815
14.19167,-71,-63,-78,-264,4521
14.2,-73,-64,-78,-264,4211
14.20833,-75,-65,-78,-264,3898
14.21667,-77,-65,-79,-264,3596
14.225,-77,-65,-78,-265,3310
14.23333,-77,-66,-77,-266,3049
14.24167,-77,-66,-78,-266,2817
14.25,-78,-65,-79,-266,2618
14.25833,-79,-66,-80,-267,2451
14.26667,-80,-66,-79,-267,2315
14.275,-81,-65,-78,-266,2210
14.28333,-81,-65,-76,-266,2131
14.29167,-82,-65,-75,-266,2074
14.3,-83,-64,-75,-265,2034
14.30833,-82,-65,-75,-265,2009
14.31667,-82,-64,-76,-265,1991
14.325,-83,-64,-77,-266,1976
14.33333,-84,-65,-78,-267,1961
14.34167,-84,-65,-79,-267,1940
14.35,-84,-64,-79,-267,1911
14.35833,-83,-62,-79,-267,1872
14.36667,-84,-62,-78,-266,1820
14.375,-83,-63,-78,-266,1757
14.38333,-80,-63,-77,-266,1683
14.39167,-78,-63,-76,-266,1599
14.4,-77,-63,-76,-267,1505
14.40833,-77,-62,-76,-268,1405
14.41667,-75,-62,-76,-269,1301
14.425,-74,-61,-76,-270,1195
14.43333,-72,-60,-75,-271,1089
14.44167,-71,-59,-75,-271,987
14.45,-70,-57,-74,-271,890
14.45833,-69,-56,-74,-270,799
14.46667,-70,-55,-74,-269,716
14.475,-71,-52,-75,-269,640
14.48333,-72,-49,-76,-270,573
14.49167,-71,-47,-76,-271,512
14.5,-72,-45,-76,-271,457
14.50833,-73,-45,-77,-270,410
14.51667,-75,-44,-77,-269,367
14.525,-77,-43,-77,-270,330
14.53333,-78,-43,-76,-271,299
14.54167,-80,-42,-76,-271,272
14.55,-83,-42,-76,-270,248
14.55833,-85,-41,-76,-269,227
14.56667,-85,-41,-75,-269,207
14.575,-85,-43,-74,-269,188
14.58333,-85,-44,-75,-268,170
14.59167,-86,-44,-75,-267,153
14.6,-86,-45,-76,-267,138
14.60833,-86,-46,-76,-268,123
14.61667,-87,-47,-76,-268,109
14.625,-87,-48,-76,-269,94
14.63333,-88,-49,-77,-270,79
14.64167,-88,-51,-76,-271,65
14.65,-88,-54,-76,-271,52
14.65833,-87,-55,-76,-270,39
14.66667,-87,-55,-74,-270,27
14.675,-89,-55,-74,-270,15
14.68333,-90,-55,-74,-271,5
14.69167,-91,-55,-75,-270,-6
14.7,-92,-57,-76,-271,-15
14.70833,-91,-58,-76,-270,-22
14.71667,-91,-59,-76,-271,-28
14.725,-91,-59,-76,-271,-33
14.73333,-90,-59,-75,-271,-38
14.74167,-90,-59,-75,-271,-41
14.75,-90,-59,-75,-270,-43
14.75833,-91,-59,-75,-269,-45
14.76667,-90,-59,-74,-269,-47
14.775,-91,-60,-74,-269,-47
14.78333,-92,-61,-75,-268,-47
14.79167,-92,-62,-74,-268,-47
14.8,-92,-62,-74,-268,-45
14.80833,-92,-61,-73,-269,-44
14.81667,-93,-61,-73,-270,-44
14.825,-93,-62,-72,-270,-44
14.83333,-92,-62,-73,-270,-44
14.84167,-91,-62,-73,-270,-45
14.85,-88,-62,-73,-269,-47
14.85833,-87,-63,-73,-268,-48
14.86667,-86,-64,-72,-269,-49
14.875,-83,-64,-72,-269,-51
14.88333,-81,-64,-72,-269,-54
14.89167,-78,-64,-72,-271,-56
14.9,-75,-63,-71,-271,-57
14.90833,-74,-62,-71,-271,-57
14.91667,-71,-63,-71,-270,-56
14.925,-67,-63,-72,-270,-52
14.93333,-63,-62,-72,-270,-45
14.94167,-60,-63,-72,-271,-33
14.95,-58,-62,-72,-271,-16
14.95833,-55,-62,-72,-271,9
14.96667,-54,-62,-73,-272,46
14.975,-53,-63,-74,-272,96
14.98333,-51,-63,-73,-273,162
14.99167,-50,-62,-73,-273,249
15,-49,-62,-73,-273,363
15.00833,-50,-64,-73,-273,505
15.01667,-52,-65,-72,-272,680
15.025,-54,-66,-71,-271,892
15.03333,-56,-66,-71,-271,1142
15.04167,-59,-65,-70,-271,1432
15.05,-61,-65,-70,-271,1761
15.05833,-63,-66,-70,-271,2125
15.06667,-63,-66,-70,-271,2519
15.075,-64,-67,-71,-272,2933
15.08333,-66,-66,-71,-272,3359
15.09167,-68,-65,-71,-272,3781
15.1,-71,-64,-71,-271,4186
15.10833,-73,-63,-71,-271,4556
15.11667,-75,-63,-71,-271,4877
15.125,-76,-61,-71,-271,5138
15.13333,-77,-60,-71,-271,5327
15.14167,-77,-60,-70,-270,5437
15.15,-77,-61,-70,-269,5467
15.15833,-78,-60,-70,-269,5417
15.16667,-79,-60,-70,-268,5293
15.175,-80,-60,-70,-268,5107
15.18333,-80,-60,-70,-269,4866
15.19167,-82,-61,-72,-269,4586
15.2,-83,-61,-72,-269,4277
15.20833,-82,-60,-70,-268,3955
15.21667,-82,-60,-69,-267,3630
15.225,-82,-59,-69,-266,3313
15.23333,-83,-58,-69,-266,3011
15.24167,-82,-58,-68,-266,2731
15.25,-82,-59,-68,-266,2474
15.25833,-82,-59,-68,-265,2241
15.26667,-82,-60,-68,-265,2036
15.275,-80,-60,-70,-265,1855
15.28333,-78,-61,-70,-265,1696
15.29167,-76,-61,-69,-264,1554
15.3,-74,-60,-68,-265,1428
15.30833,-71,-60,-67,-265,1316
15.31667,-67,-60,-67,-265,1216
15.325,-65,-59,-67,-264,1125
15.33333,-64,-59,-66,-264,1042
15.34167,-61,-59,-66,-264,966
15.35,-58,-58,-66,-264,896
15.35833,-55,-58,-67,-263,831
15.36667,-54,-58,-67,-263,768
15.375,-53,-59,-68,-264,708
15.38333,-51,-59,-66,-265,652
15.39167,-51,-59,-65,-266,599
15.4,-51,-58,-64,-266,551
15.40833,-53,-57,-64,-266,506
15.41667,-55,-57,-64,-265,464
15.425,-55,-57,-64,-265,423
15.43333,-56,-57,-64,-267,385
15.44167,-57,-57,-65,-267,349
15.45,-58,-56,-65,-266,318
15.45833,-60,-57,-66,-265,290
15.46667,-62,-57,-66,-264,267
15.475,-64,-57,-67,-264,243
15.48333,-65,-57,-66,-263,222
15.49167,-67,-58,-66,-261,202
15.5,-67,-58,-66,-259,185
15.50833,-66,-57,-66,-256,170
15.51667,-63,-57,-66,-253,156
15.525,-59,-57,-66,-249,144
15.53333,-52,-57,-66,-243,133
15.54167,-42,-56,-65,-233,121
15.55,-28,-55,-65,-219,111
15.55833,-7,-54,-63,-201,101
15.56667,22,-54,-63,-179,92
15.575,61,-56,-63,-152,82
15.58333,112,-55,-63,-119,72
15.59167,177,-54,-64,-79,64
15.6,257,-51,-65,-32,56
15.60833,357,-47,-65,21,49
15.61667,478,-42,-64,83,44
15.625,619,-35,-63,151,41
15.63333,781,-26,-63,227,40
15.64167,965,-13,-64,309,40
15.65,1167,5,-64,396,42
15.65833,1382,31,-64,489,45
15.66667,1606,64,-63,585,49
15.675,1831,106,-62,685,53
15.68333,2047,159,-63,785,56
15.69167,2247,227,-63,885,60
15.7,2421,310,-63,983,65
15.70833,2564,410,-62,1079,67
15.71667,2669,528,-63,1172,70
15.725,2734,664,-63,1264,71
15.73333,2755,816,-61,1351,73
15.74167,2735,978,-60,1435,72
15.75,2678,1152,-60,1513,71
15.75833,2588,1332,-61,1584,70
15.76667,2472,1512,-62,1651,67
15.775,2335,1684,-62,1711,65
15.78333,2184,1843,-61,1765,63
15.79167,2026,1982,-61,1811,61
15.8,1867,2094,-61,1851,60
15.80833,1712,2176,-61,1883,61
15.81667,1565,2225,-61,1907,62
15.825,1427,2240,-61,1924,66
15.83333,1301,2222,-60,1933,70
15.84167,1187,2174,-59,1934,75
15.85,1085,2099,-59,1927,80
15.85833,997,2003,-59,1913,86
15.86667,917,1892,-59,1891,93
15.875,846,1771,-58,1863,100
15.88333,781,1645,-58,1828,108
15.89167,723,1519,-56,1785,116
15.9,669,1399,-55,1736,125
15.90833,618,1284,-55,1681,134
15.91667,572,1178,-57,1620,145
15.925,530,1080,-57,1556,157
15.93333,489,991,-58,1488,170
15.94167,450,910,-57,1418,184
15.95,414,837,-57,1346,200
15.95833,380,772,-58,1273,218
15.96667,349,714,-58,1201,237
15.975,318,662,-57,1128,257
15.98333,287,613,-57,1054,277
15.99167,259,568,-56,980,297
16,232,527,-56,907,317
16.00833,207,490,-56,836,335
16.01667,184,455,-56,767,352
16.025,163,424,-56,699,366
16.03333,141,394,-57,635,377
16.04167,121,363,-58,575,383
16.05,102,334,-58,517,385
16.05833,85,307,-58,462,384
16.06667,70,281,-59,411,379
16.075,56,255,-59,365,369
16.08333,42,231,-58,322,356
16.09167,30,209,-57,280,341
16.1,20,188,-57,240,322
16.10833,12,169,-57,204,300
16.11667,4,151,-56,171,279
16.125,-4,133,-56,141,259
16.13333,-10,118,-55,114,239
16.14167,-13,103,-54,88,219
16.15,-14,90,-55,65,201
16.15833,-15,76,-56,45,185
16.16667,-14,62,-56,27,171
16.175,-12,50,-57,10,159
16.18333,-11,40,-57,-5,149
16.19167,-10,31,-56,-17,144
16.2,-7,23,-55,-28,142
16.20833,-4,16,-54,-38,143
16.21667,2,11,-55,-46,149
16.225,7,6,-56,-52,161
16.23333,11,0,-55,-57,180
16.24167,15,-5,-54,-62,208
16.25,19,-10,-53,-66,247
16.25833,24,-13,-54,-70,294
16.26667,28,-14,-54,-72,354
16.275,34,-17,-54,-75,427
16.28333,40,-19,-54,-78,512
16.29167,47,-21,-54,-81,611
16.3,55,-22,-53,-84,721
16.30833,67,-22,-52,-87,842
16.31667,81,-21,-51,-89,969
16.325,97,-22,-51,-91,1101
16.33333,116,-22,-52,-94,1230
16.34167,138,-23,-51,-95,1355
16.35,161,-23,-51,-97,1468
16.35833,187,-23,-53,-99,1569
16.36667,214,-23,-52,-100,1652
16.375,240,-21,-52,-100,1713
16.38333,266,-19,-53,-100,1751
16.39167,289,-17,-53,-97,1765
16.4,309,-17,-53,-95,1752
16.40833,326,-16,-53,-91,1717
16.41667,337,-14,-53,-86,1663
16.425,343,-12,-53,-80,1590
16.43333,344,-10,-52,-72,1503
16.44167,340,-7,-52,-63,1406
16.45,333,-6,-53,-52,1303
16.45833,323,-5,-55,-42,1196
16.46667,308,-4,-53,-31,1091
16.475,290,-3,-53,-20,989
16.48333,272,-2,-53,-9,895
16.49167,254,-1,-53,0,808
16.5,236,-1,-52,8,729
16.50833,218,-1,-52,14,659
16.51667,201,-2,-53,19,597
16.525,186,-3,-53,24,544
16.53333,172,-3,-53,26,495
16.54167,160,-4,-54,24,452
16.55,149,-4,-53,21,415
16.55833,139,-4,-53,16,382
16.56667,131,-4,-53,8,351
16.575,124,-4,-54,0,323
16.58333,117,-3,-53,-9,298
16.59167,109,-2,-52,-20,273
16.6,102,1,-52,-31,251
16.60833,96,4,-52,-43,230
16.61667,88,6,-52,-56,211
16.625,80,9,-53,-69,192
16.63333,74,12,-53,-81,174
16.64167,66,14,-52,-92,157
16.65,58,18,-51,-103,141
16.65833,49,22,-51,-114,126
16.66667,42,24,-51,-125,112
16.675,34,25,-52,-135,100
16.68333,26,26,-52,-145,88
16.69167,18,26,-51,-154,77
16.7,10,26,-50,-162,67
16.70833,2,26,-50,-168,58
16.71667,-5,24,-50,-174,50
16.725,-11,22,-51,-179,43
16.73333,-16,18,-53,-185,37
16.74167,-21,15,-53,-190,31
16.75,-27,11,-52,-195,24
16.75833,-32,7,-50,-201,19
16.76667,-37,3,-49,-205,15
16.775,-40,0,-49,-209,11
16.78333,-42,-4,-50,-213,8
16.79167,-45,-8,-50,-217,4
16.8,-48,-12,-50,-220,0
16.80833,-50,-16,-49,-224,-4
16.81667,-53,-20,-48,-227,-7
16.825,-55,-21,-48,-230,-12
16.83333,-55,-23,-49,-232,-17
16.84167,-56,-26,-49,-234,-23
16.85,-59,-28,-48,-237,-26
16.85833,-61,-31,-48,-239,-29
16.86667,-62,-33,-48,-240,-32
16.875,-63,-33,-49,-241,-34
16.88333,-64,-35,-51,-243,-37
16.89167,-65,-36,-51,-246,-39
16.9,-65,-37,-50,-249,-40
16.90833,-66,-38,-48,-250,-41
16.91667,-67,-38,-49,-250,-44
16.925,-67,-38,-50,-251,-45
16.93333,-68,-39,-52,-253,-45
16.94167,-69,-41,-52,-253,-44
16.95,-70,-42,-52,-253,-41
16.95833,-70,-43,-52,-253,-36
16.96667,-69,-43,-52,-253,-31
16.975,-68,-45,-51,-252,-25
16.98333,-67,-46,-51,-252,-20
16.99167,-65,-46,-50,-250,-13
17,-64,-46,-49,-244,-7
17.00833,-63,-46,-48,-237,0
17.01667,-62,-47,-47,-229,8
17.025,-60,-48,-47,-219,16
17.03333,-57,-49,-47,-204,24
17.04167,-54,-49,-48,-182,31
17.05,-52,-49,-48,-154,37
17.05833,-49,-49,-47,-117,41
17.06667,-46,-49,-47,-71,44
17.075,-42,-49,-47,-11,47
17.08333,-39,-48,-48,63,49
17.09167,-35,-49,-48,155,51
17.1,-32,-49,-48,266,52
17.10833,-29,-48,-47,398,54
17.11667,-27,-48,-46,551,57
17.125,-24,-49,-47,726,62
17.13333,-22,-49,-48,920,72
17.14167,-18,-49,-49,1132,87
17.15,-15,-49,-49,1360,110
17.15833,-14,-48,-49,1598,146
17.16667,-11,-48,-49,1840,199
17.175,-9,-48,-48,2079,275
17.18333,-8,-47,-48,2307,382
17.19167,-8,-47,-48,2513,530
17.2,-8,-46,-49,2693,731
17.20833,-8,-47,-49,2841,998
17.21667,-9,-47,-48,2951,1350
17.225,-10,-48,-48,3017,1805
17.23333,-11,-48,-47,3039,2384
17.24167,-15,-49,-46,3018,3108
17.25,-20,-50,-47,2958,4000
17.25833,-24,-51,-47,2863,5081
17.26667,-27,-51,-48,2739,6366
17.275,-30,-50,-49,2590,7866
17.28333,-33,-48,-49,2423,9582
17.29167,-37,-47,-49,2245,11506
17.3,-40,-47,-48,2064,13615
17.30833,-43,-49,-47,1883,15873
17.31667,-45,-50,-46,1708,18232
17.325,-47,-50,-46,1541,20628
17.33333,-49,-49,-46,1387,22985
17.34167,-51,-48,-47,1246,25225
17.35,-53,-48,-47,1119,27265
17.35833,-54,-47,-46,1005,29028
17.36667,-56,-45,-47,904,30445
17.375,-58,-45,-47,814,31462
17.38333,-60,-45,-48,733,32047
17.39167,-61,-45,-48,662,32190
17.4,-62,-45,-48,599,31901
17.40833,-63,-46,-48,545,31210
17.41667,-63,-46,-47,496,30169
17.425,-64,-45,-46,455,28842
17.43333,-65,-44,-45,420,27302
17.44167,-66,-43,-45,390,25621
17.45,-66,-43,-46,366,23870
17.45833,-67,-43,-47,347,22113
17.46667,-67,-43,-46,334,20402
17.475,-67,-43,-46,327,18780
17.48333,-68,-43,-47,324,17271
17.49167,-69,-44,-47,327,15891
17.5,-70,-44,-46,336,14645
17.50833,-70,-44,-45,348,13530
17.51667,-71,-44,-45,362,12535
17.525,-71,-45,-44,379,11644
17.53333,-72,-45,-44,396,10846
17.54167,-73,-45,-45,412,10121
17.55,-74,-47,-45,426,9459
17.55833,-74,-48,-44,437,8848
17.56667,-74,-49,-43,443,8274
17.575,-73,-49,-43,443,7732
17.58333,-73,-49,-44,439,7219
17.59167,-74,-49,-44,430,6730
17.6,-76,-49,-43,418,6264
17.60833,-76,-48,-42,405,5820
17.61667,-76,-49,-41,388,5399
17.625,-74,-49,-41,371,5000
17.63333,-74,-49,-41,354,4623
17.64167,-74,-48,-42,343,4267
17.65,-74,-47,-42,339,3934
17.65833,-74,-47,-43,342,3625
17.66667,-74,-47,-44,355,3338
17.675,-75,-48,-44,380,3072
17.68333,-75,-48,-43,416,2825
17.69167,-74,-47,-43,464,2598
17.7,-74,-48,-42,523,2388
17.70833,-73,-48,-42,591,2194
17.71667,-73,-48,-42,666,2015
17.725,-73,-47,-43,748,1853
17.73333,-73,-47,-43,833,1706
17.74167,-73,-47,-42,918,1572
17.75,-72,-47,-41,997,1450
17.75833,-72,-48,-41,1066,1340
17.76667,-73,-47,-42,1123,1244
17.775,-72,-46,-42,1166,1160
17.78333,-71,-46,-41,1193,1090
17.79167,-70,-46,-40,1203,1037
17.8,-72,-46,-39,1196,999
17.80833,-73,-47,-39,1172,978
17.81667,-72,-46,-39,1132,975
17.825,-72,-46,-39,1076,988
17.83333,-72,-46,-39,1009,1019
17.84167,-73,-45,-40,933,1067
17.85,-73,-45,-40,850,1127
17.85833,-72,-46,-39,764,1197
17.86667,-72,-46,-40,679,1276
17.875,-72,-47,-40,596,1359
17.88333,-72,-46,-39,516,1441
17.89167,-72,-46,-39,443,1514
17.9,-72,-47,-39,376,1579
17.90833,-73,-48,-39,316,1630
17.91667,-74,-48,-38,263,1667
17.925,-74,-48,-38,218,1685
17.93333,-74,-48,-37,179,1683
17.94167,-74,-49,-36,145,1663
17.95,-73,-49,-37,119,1627
17.95833,-72,-48,-38,99,1572
17.96667,-72,-48,-38,86,1504
17.975,-73,-48,-38,80,1424
17.98333,-74,-48,-38,82,1338
17.99167,-75,-47,-38,93,1249
18,-75,-46,-38,115,1160
18.00833,-75,-47,-39,150,1072
18.01667,-76,-47,-39,200,988
18.025,-77,-46,-38,268,910
18.03333,-77,-47,-38,358,839
18.04167,-77,-48,-38,468,775
18.05,-77,-48,-38,601,718
18.05833,-77,-48,-39,759,667
18.06667,-77,-48,-39,940,622
18.075,-76,-48,-39,1145,580
18.08333,-77,-47,-38,1371,542
18.09167,-77,-46,-38,1615,507
18.1,-76,-46,-37,1870,473
18.10833,-76,-47,-39,2127,440
18.11667,-77,-47,-40,2376,408
18.125,-78,-47,-39,2609,379
18.13333,-78,-48,-40,2817,349
18.14167,-78,-48,-40,2992,319
18.15,-78,-48,-39,3124,290
18.15833,-78,-47,-37,3209,262
18.16667,-77,-46,-37,3245,236
18.175,-76,-46,-37,3230,211
18.18333,-76,-46,-37,3168,188
18.19167,-77,-47,-37,3064,166
18.2,-78,-47,-37,2925,146
18.20833,-78,-47,-37,2757,126
18.21667,-79,-47,-37,2570,107
18.225,-79,-48,-37,2372,90
18.23333,-78,-49,-36,2172,75
18.24167,-78,-49,-36,1976,60
18.25,-78,-48,-37,1787,47
18.25833,-78,-47,-38,1611,34
18.26667,-78,-47,-38,1453,23
18.275,-79,-47,-38,1313,13
18.28333,-78,-47,-39,1193,3
18.29167,-78,-47,-38,1090,-5
18.3,-78,-46,-38,1005,-13
18.30833,-79,-45,-38,937,-19
18.31667,-80,-45,-38,883,-24
18.325,-80,-45,-37,841,-29
18.33333,-80,-45,-37,810,-32
18.34167,-79,-45,-37,789,-36
18.35,-78,-45,-36,776,-38
18.35833,-78,-44,-36,770,-41
18.36667,-78,-44,-34,770,-43
18.375,-77,-44,-34,775,-44
18.38333,-76,-44,-34,783,-44
18.39167,-77,-45,-35,795,-46
18.4,-77,-45,-35,809,-48
18.40833,-77,-46,-35,823,-48
18.41667,-76,-46,-36,835,-49
18.425,-76,-46,-36,847,-50
18.43333,-76,-44,-35,856,-50
18.44167,-75,-43,-35,864,-51
18.45,-76,-43,-35,868,-52
18.45833,-75,-44,-36,866,-53
18.46667,-76,-44,-37,859,-52
18.475,-77,-45,-38,844,-52
18.48333,-78,-44,-37,822,-50
18.49167,-78,-44,-37,793,-49
18.5,-77,-44,-37,755,-49
18.50833,-76,-45,-37,711,-48
18.51667,-77,-45,-36,660,-49
18.525,-77,-47,-36,605,-48
18.53333,-77,-47,-34,548,-47
18.54167,-77,-47,-33,488,-47
18.55,-76,-47,-33,427,-47
18.55833,-75,-47,-34,366,-47
18.56667,-75,-47,-34,307,-45
18.575,-75,-48,-35,251,-45
18.58333,-76,-47,-35,201,-44
18.59167,-76,-48,-35,154,-42
18.6,-75,-47,-34,112,-40
18.60833,-75,-47,-33,74,-39
18.61667,-75,-47,-32,40,-38
18.625,-76,-46,-32,10,-37
18.63333,-75,-45,-32,-17,-37
18.64167,-74,-44,-33,-41,-36
18.65,-73,-43,-34,-62,-35
18.65833,-73,-43,-35,-80,-34
18.66667,-71,-43,-35,-97,-32
18.675,-70,-44,-35,-112,-31
18.68333,-69,-45,-34,-126,-30
18.69167,-67,-45,-34,-139,-29
18.7,-65,-45,-33,-151,-30
18.70833,-63,-44,-34,-161,-30
18.71667,-61,-43,-36,-171,-29
18.725,-60,-44,-36,-181,-28
18.73333,-58,-45,-36,-191,-27
18.74167,-54,-45,-36,-200,-24
18.75,-50,-44,-36,-209,-19
18.75833,-46,-42,-37,-217,-10
18.76667,-42,-42,-37,-225,4
18.775,-38,-42,-35,-231,23
18.78333,-36,-43,-35,-236,50
18.79167,-33,-43,-35,-241,87
18.8,-31,-43,-35,-245,138
18.80833,-29,-43,-35,-250,207
18.81667,-27,-43,-34,-255,296
18.825,-27,-43,-33,-259,409
18.83333,-27,-43,-33,-261,551
18.84167,-27,-43,-33,-264,726
18.85,-28,-43,-33,-266,938
18.85833,-30,-42,-34,-268,1187
18.86667,-32,-42,-34,-271,1478
18.875,-35,-42,-33,-275,1810
18.88333,-37,-42,-33,-278,2183
18.89167,-40,-42,-32,-278,2586
18.9,-42,-42,-32,-277,3018
18.90833,-45,-42,-33,-278,3466
18.91667,-47,-43,-34,-279,3916
18.925,-50,-44,-34,-280,4354
18.93333,-51,-43,-34,-281,4765
18.94167,-53,-43,-34,-282,5132
18.95,-54,-43,-33,-283,5441
18.95833,-56,-44,-32,-284,5679
18.96667,-56,-44,-33,-285,5837
18.975,-57,-43,-34,-285,5910
18.98333,-59,-43,-33,-286,5898
18.99167,-60,-42,-33,-286,5803
19,-60,-41,-33,-285,5634
19.00833,-61,-40,-34,-285,5404
19.01667,-61,-40,-34,-285,5124
19.025,-62,-41,-33,-285,4809
19.03333,-64,-43,-34,-285,4472
19.04167,-64,-44,-35,-283,4128
19.05,-65,-44,-35,-282,3787
19.05833,-65,-45,-35,-282,3460
19.06667,-66,-44,-34,-281,3153
19.075,-66,-44,-34,-279,2871
19.08333,-67,-44,-34,-278,2614
19.09167,-67,-45,-34,-278,2382
19.1,-67,-45,-33,-278,2175
19.10833,-67,-45,-34,-279,1991
19.11667,-68,-46,-35,-279,1832
19.125,-69,-45,-36,-279,1691
19.13333,-69,-44,-35,-280,1564
19.14167,-70,-42,-35,-280,1450
19.15,-69,-41,-34,-281,1345
19.15833,-69,-41,-34,-281,1250
19.16667,-69,-42,-34,-282,1162
19.175,-69,-43,-35,-282,1081
19.18333,-69,-42,-35,-283,1004
19.19167,-70,-43,-35,-283,934
19.2,-70,-43,-36,-284,868
19.20833,-71,-44,-36,-284,807
19.21667,-71,-43,-36,-285,749
19.225,-70,-43,-36,-284,695
19.23333,-69,-43,-36,-284,645
19.24167,-69,-44,-35,-284,599
19.25,-70,-44,-34,-284,556
19.25833,-70,-43,-33,-283,516
19.26667,-70,-42,-33,-282,479
19.275,-68,-41,-34,-281,445
19.28333,-68,-41,-33,-282,416
19.29167,-69,-41,-34,-282,392
19.3,-68,-41,-35,-282,371
19.30833,-68,-41,-34,-282,355
19.31667,-68,-42,-33,-282,343
19.325,-68,-41,-33,-282,337
19.33333,-68,-40,-32,-282,334
19.34167,-68,-39,-32,-283,337
19.35,-70,-40,-31,-285,343
19.35833,-70,-42,-32,-285,352
19.36667,-70,-43,-33,-285,364
19.375,-69,-44,-34,-284,378
19.38333,-69,-44,-35,-282,393
19.39167,-69,-43,-36,-281,408
19.4,-68,-42,-36,-280,422
19.40833,-67,-42,-35,-280,434
19.41667,-66,-42,-35,-280,441
19.425,-63,-41,-35,-280,445
19.43333,-61,-40,-34,-281,444
19.44167,-60,-38,-33,-281,438
19.45,-59,-37,-32,-281,428
19.45833,-57,-38,-31,-281,412
19.46667,-56,-38,-31,-282,392
19.475,-54,-38,-30,-283,369
19.48333,-51,-37,-31,-283,344
19.49167,-49,-37,-32,-283,317
19.5,-47,-37,-32,-283,290
19.50833,-46,-37,-32,-283,264
19.51667,-45,-37,-32,-284,239
19.525,-44,-36,-31,-285,215
19.53333,-42,-36,-30,-286,194
19.54167,-41,-36,-28,-286,174
19.55,-41,-36,-27,-286,158
19.55833,-41,-38,-26,-287,146
19.56667,-40,-38,-24,-287,136
19.575,-38,-36,-22,-287,129
19.58333,-37,-35,-20,-287,125
19.59167,-36,-35,-18,-286,125
19.6,-35,-36,-17,-287,128
19.60833,-32,-37,-14,-288,135
19.61667,-31,-37,-10,-289,145
19.625,-29,-37,-7,-289,161
19.63333,-26,-37,-4,-289,181
19.64167,-24,-37,0,-290,206
19.65,-23,-36,3,-289,239
19.65833,-23,-36,8,-289,284
19.66667,-21,-35,12,-288,340
19.675,-19,-35,17,-288,410
19.68333,-19,-35,22,-286,495
19.69167,-18,-36,26,-285,599
19.7,-17,-37,31,-286,721
19.70833,-18,-37,36,-286,866
19.71667,-18,-37,42,-287,1034
19.725,-18,-37,48,-287,1222
19.73333,-17,-38,54,-287,1430
19.74167,-17,-39,60,-288,1657
19.75,-16,-39,67,-288,1899
19.75833,-16,-38,74,-288,2150
19.76667,-16,-37,80,-288,2400
19.775,-16,-36,86,-289,2644
19.78333,-17,-36,91,-289,2870
19.79167,-16,-36,98,-289,3069
19.8,-15,-36,105,-289,3235
19.80833,-15,-36,111,-289,3362
19.81667,-15,-37,117,-289,3446
19.825,-14,-37,122,-290,3483
19.83333,-14,-37,127,-289,3475
19.84167,-15,-37,132,-288,3423
19.85,-16,-37,136,-289,3333
19.85833,-18,-36,139,-289,3211
19.86667,-19,-36,143,-289,3063
19.875,-19,-37,146,-290,2899
19.88333,-20,-37,148,-290,2725
19.89167,-20,-39,150,-290,2548
19.9,-20,-39,151,-290,2375
19.90833,-21,-38,152,-290,2209
19.91667,-21,-37,153,-290,2054
19.925,-22,-37,153,-290,1912
19.93333,-23,-37,152,-290,1787
19.94167,-23,-36,150,-290,1674
19.95,-25,-37,149,-289,1571
19.95833,-27,-38,146,-289,1478
19.96667,-28,-37,144,-289,1392
19.975,-29,-37,140,-289,1312
19.98333,-29,-37,138,-289,1237
19.99167,-28,-36,137,-289,1166
20,-27,-35,135,-291,1096
20.00833,-28,-34,132,-291,1028
20.01667,-27,-36,130,-289,961
20.025,-26,-37,128,-288,897
20.03333,-25,-38,126,-288,836
20.04167,-25,-37,124,-288,778
20.05,-25,-36,123,-288,722
20.05833,-26,-35,122,-287,669
20.06667,-25,-37,120,-287,620
20.075,-25,-37,118,-286,575
20.08333,-27,-37,117,-286,534
20.09167,-28,-36,115,-284,497
20.1,-29,-35,114,-284,465
20.10833,-29,-34,114,-283,435
20.11667,-28,-34,112,-283,411
20.125,-26,-34,110,-282,390
20.13333,-25,-35,109,-282,373
20.14167,-25,-36,109,-281,360
20.15,-23,-35,108,-280,349
20.15833,-21,-34,107,-280,342
20.16667,-17,-35,105,-279,337
20.175,-13,-36,103,-278,336
20.18333,-8,-36,101,-278,337
20.19167,-2,-34,99,-277,339
20.2,4,-34,97,-277,343
20.20833,11,-34,96,-277,347
20.21667,17,-35,94,-279,352
20.225,22,-34,94,-280,357
20.23333,29,-34,94,-280,362
20.24167,34,-34,94,-281,367
20.25,40,-34,93,-281,372
20.25833,45,-34,92,-280,377
20.26667,49,-34,92,-280,384
20.275,51,-34,91,-279,393
20.28333,53,-34,91,-279,408
20.29167,55,-33,93,-279,432
20.3,57,-31,94,-280,471
20.30833,58,-31,96,-281,529
20.31667,57,-31,98,-281,618
20.325,58,-31,101,-282,748
20.33333,59,-31,105,-283,932
20.34167,60,-31,110,-284,1187
20.35,62,-30,116,-283,1532
20.35833,65,-29,123,-283,1994
20.36667,68,-31,134,-284,2597
20.375,72,-31,146,-284,3368
20.38333,77,-30,159,-283,4335
20.39167,83,-29,176,-282,5525
20.4,90,-29,197,-282,6960
20.40833,98,-28,222,-283,8658
20.41667,108,-27,251,-283,10622
20.425,120,-26,283,-283,12843
20.43333,134,-25,319,-284,15298
20.44167,151,-24,362,-285,17945
20.45,172,-22,410,-286,20719
20.45833,197,-21,466,-286,23543
20.46667,225,-20,528,-286,26325
20.475,259,-19,598,-285,28962
20.48333,298,-17,673,-286,31347
20.49167,341,-16,754,-285,33382
20.5,390,-16,841,-285,34983
20.50833,443,-17,930,-285,36082
20.51667,499,-17,1023,-286,36639
20.525,556,-19,1119,-286,36646
20.53333,613,-20,1212,-286,36121
20.54167,669,-20,1304,-285,35107
20.55,721,-20,1391,-284,33675
20.55833,768,-20,1472,-284,31909
20.56667,807,-22,1544,-283,29902
20.575,837,-23,1606,-283,27747
20.58333,858,-24,1654,-283,25533
20.59167,870,-23,1688,-283,23339
20.6,873,-23,1710,-285,21228
20.60833,868,-22,1719,-286,19244
20.61667,856,-22,1713,-286,17422
20.625,836,-21,1693,-284,15774
20.63333,811,-22,1659,-284,14306
20.64167,782,-23,1615,-284,13009
20.65,749,-23,1562,-284,11870
20.65833,713,-24,1500,-285,10872
20.66667,678,-23,1433,-284,9995
20.675,643,-24,1361,-284,9222
20.68333,610,-24,1285,-284,8534
20.69167,578,-24,1207,-284,7915
20.7,547,-24,1128,-284,7352
20.70833,519,-26,1052,-284,6836
20.71667,492,-26,978,-284,6357
20.725,466,-26,907,-284,5910
20.73333,442,-25,838,-284,5492
20.74167,420,-24,774,-284,5097
20.75,398,-26,712,-285,4725
20.75833,377,-26,654,-286,4373
20.76667,357,-26,600,-285,4042
20.775,338,-25,549,-285,3735
20.78333,320,-23,503,-285,3451
20.79167,302,-22,460,-285,3188
20.8,285,-23,421,-284,2948
20.80833,270,-23,385,-285,2730
20.81667,254,-23,352,-286,2533
20.825,239,-23,321,-287,2355
20.83333,224,-25,292,-287,2197
20.84167,211,-25,267,-286,2056
20.85,198,-26,242,-285,1930
20.85833,186,-27,219,-286,1817
20.86667,175,-27,197,-286,1717
20.875,164,-28,177,-286,1623
20.88333,154,-27,158,-285,1535
20.89167,146,-27,141,-286,1451
20.9,138,-27,125,-287,1370
20.90833,132,-26,112,-287,1290
20.91667,127,-26,101,-287,1211
20.925,122,-26,90,-287,1134
20.93333,118,-26,80,-288,1061
20.94167,115,-27,72,-287,994
20.95,114,-27,64,-287,935
20.95833,113,-26,58,-288,885
20.96667,112,-26,51,-288,847
20.975,112,-25,44,-287,823
20.98333,111,-25,38,-287,815
20.99167,111,-25,33,-286,824
21,110,-25,29,-287,850
21.00833,109,-25,25,-286,894
21.01667,107,-25,21,-286,954
21.025,105,-25,17,-286,1029
21.03333,104,-24,14,-286,1117
21.04167,103,-24,11,-285,1214
21.05,101,-23,9,-286,1315
21.05833,99,-23,8,-286,1415
21.06667,97,-22,6,-287,1510
21.075,95,-21,4,-287,1598
21.08333,93,-20,1,-288,1673
21.09167,91,-19,0,-289,1733
21.1,92,-19,-1,-289,1777
21.10833,94,-18,-3,-289,1802
21.11667,97,-18,-3,-288,1810
21.125,101,-17,-3,-288,1803
21.13333,107,-16,-4,-288,1786
21.14167,115,-15,-5,-288,1764
21.15,126,-15,-6,-288,1744
21.15833,138,-15,-6,-288,1734
21.16667,154,-15,-7,-288,1740
21.175,170,-15,-7,-288,1769
21.18333,187,-16,-7,-287,1827
21.19167,204,-15,-7,-287,1919
21.2,221,-15,-7,-288,2047
21.20833,240,-15,-8,-288,2212
21.21667,256,-15,-9,-289,2415
21.225,271,-14,-9,-288,2652
21.23333,282,-14,-9,-287,2918
21.24167,290,-13,-9,-287,3209
21.25,295,-12,-10,-288,3520
21.25833,298,-11,-10,-289,3844
21.26667,297,-11,-10,-288,4175
21.275,291,-9,-11,-287,4506
21.28333,284,-7,-11,-287,4838
21.29167,274,-5,-11,-287,5169
21.3,261,-4,-11,-287,5499
21.30833,248,-4,-11,-287,5832
21.31667,235,-3,-12,-288,6169
21.325,220,-2,-12,-289,6515
21.33333,207,-1,-12,-289,6873
21.34167,194,0,-11,-289,7241
21.35,182,1,-11,-289,7617
21.35833,172,1,-11,-290,7992
21.36667,163,0,-12,-290,8358
21.375,155,-1,-11,-290,8698
21.38333,150,-1,-11,-290,8996
21.39167,146,-1,-11,-289,9236
21.4,142,-3,-12,-290,9400
21.40833,141,-5,-13,-291,9475
21.41667,140,-5,-13,-292,9452
21.425,140,-6,-14,-291,9327
21.43333,140,-7,-15,-290,9103
21.44167,142,-7,-15,-290,8789
21.45,146,-8,-15,-290,8394
21.45833,150,-8,-16,-290,7936
21.46667,155,-7,-16,-290,7432
21.475,161,-8,-16,-291,6901
21.48333,167,-9,-16,-293,6361
21.49167,174,-8,-17,-294,5829
21.5,181,-7,-19,-294,5319
21.50833,187,-6,-19,-293,4841
21.51667,195,-6,-19,-292,4401
21.525,204,-4,-19,-292,4005
21.53333,213,-1,-19,-292,3653
21.54167,222,2,-20,-292,3344
21.55,230,6,-21,-293,3074
21.55833,237,11,-22,-293,2836
21.56667,243,15,-23,-294,2628
21.575,250,19,-22,-293,2445
21.58333,256,22,-22,-292,2284
21.59167,262,26,-22,-292,2141
21.6,267,31,-22,-292,2013
21.60833,269,37,-21,-292,1895
21.61667,268,44,-21,-292,1787
21.625,264,53,-22,-292,1688
21.63333,258,61,-23,-293,1594
21.64167,249,66,-24,-292,1503
21.65,240,71,-24,-293,1415
21.65833,230,78,-24,-293,1330
21.66667,219,86,-24,-293,1247
21.675,206,95,-24,-293,1168
21.68333,193,104,-24,-292,1093
21.69167,180,112,-24,-291,1021
21.7,167,119,-24,-289,953
21.70833,156,124,-25,-289,887
21.71667,145,127,-26,-290,826
21.725,136,128,-26,-291,768
21.73333,131,128,-25,-293,713
21.74167,126,127,-24,-294,660
21.75,124,125,-25,-294,610
21.75833,124,120,-25,-293,562
21.76667,128,115,-26,-293,518
21.775,136,107,-26,-292,477
21.78333,148,101,-26,-292,437
21.79167,162,94,-24,-292,397
21.8,180,86,-23,-291,361
21.80833,201,78,-23,-290,327
21.81667,224,71,-23,-290,295
21.825,251,64,-25,-289,266
21.83333,279,59,-25,-289,240
21.84167,308,55,-25,-287,215
21.85,338,51,-25,-287,193
21.85833,368,48,-25,-287,173
21.86667,398,46,-24,-286,155
21.875,426,45,-24,-285,139
21.88333,451,43,-25,-282,125
21.89167,474,43,-25,-279,112
21.9,493,43,-25,-277,101
21.90833,507,42,-26,-275,93
21.91667,517,43,-26,-274,87
21.925,525,44,-26,-274,80
21.93333,530,46,-25,-275,73
21.94167,532,48,-25,-275,68
21.95,532,48,-25,-274,65
21.95833,529,49,-26,-273,63
21.96667,523,50,-26,-273,60
21.975,515,51,-25,-273,57
21.98333,505,52,-25,-275,53
21.99167,492,52,-25,-276,51
22,478,52,-25,-276,50
22.00833,462,52,-24,-276,50
22.01667,445,52,-23,-276,49
22.025,427,52,-24,-277,49
22.03333,410,52,-25,-278,50
22.04167,392,50,-26,-279,52
22.05,374,47,-25,-280,52
22.05833,356,45,-24,-280,55
22.06667,341,43,-23,-281,62
22.075,327,42,-22,-283,72
22.08333,314,40,-24,-284,86
22.09167,303,37,-25,-286,106
22.1,294,35,-25,-286,132
22.10833,286,33,-25,-286,166
22.11667,280,31,-25,-287,210
22.125,274,29,-25,-287,268
22.13333,270,25,-26,-287,341
22.14167,267,22,-27,-288,431
22.15,264,21,-27,-289,540
22.15833,262,20,-26,-290,672
22.16667,260,18,-25,-290,826
22.175,258,16,-25,-290,1005
22.18333,254,16,-25,-291,1205
22.19167,250,16,-26,-292,1427
22.2,245,16,-25,-292,1669
22.20833,241,16,-25,-291,1927
22.21667,236,17,-24,-290,2194
22.225,229,18,-25,-290,2463
22.23333,223,19,-25,-290,2726
22.24167,217,19,-25,-292,2974
22.25,211,20,-25,-292,3198
22.25833,204,21,-25,-292,3395
22.26667,198,24,-25,-291,3555
22.275,191,24,-24,-292,3673
22.28333,183,24,-24,-293,3746
22.29167,174,23,-24,-293,3774
22.3,167,23,-24,-292,3759
22.30833,160,22,-26,-291,3704
22.31667,153,21,-27,-291,3612
22.325,147,20,-27,-290,3493
22.33333,140,19,-27,-287,3352
22.34167,134,19,-26,-285,3194
22.35,129,18,-25,-282,3023
22.35833,124,17,-26,-279,2845
22.36667,120,16,-27,-275,2663
22.375,116,15,-27,-272,2483
22.38333,112,14,-26,-269,2305
22.39167,111,14,-26,-265,2133
22.4,110,13,-27,-260,1969
22.40833,110,12,-27,-253,1816
22.41667,110,10,-27,-245,1674
22.425,112,10,-24,-237,1542
22.43333,114,8,-23,-230,1419
22.44167,115,8,-24,-224,1306
22.45,117,8,-24,-219,1203
22.45833,118,7,-25,-214,1109
22.46667,119,5,-26,-210,1025
22.475,120,4,-26,-207,949
22.48333,121,5,-24,-204,880
22.49167,122,5,-24,-203,817
22.5,121,5,-25,-202,761
22.50833,120,4,-26,-201,710
22.51667,120,3,-25,-203,664
22.525,119,2,-26,-206,623
22.53333,120,1,-26,-208,586
22.54167,121,-2,-25,-212,551
22.55,123,-2,-25,-216,519
22.55833,125,-2,-24,-218,489
22.56667,128,-1,-23,-222,461
22.575,130,0,-22,-226,435
22.58333,133,-1,-21,-229,412
22.59167,137,-2,-22,-232,391
22.6,140,-3,-23,-235,371
22.60833,143,-4,-22,-238,351
22.61667,146,-4,-22,-241,331
22.625,149,-3,-22,-245,313
22.63333,152,-3,-22,-248,296
22.64167,156,-3,-23,-251,279
22.65,161,-3,-24,-253,264
22.65833,165,-4,-24,-256,252
22.66667,171,-4,-24,-258,241
22.675,177,-5,-24,-260,233
22.68333,184,-5,-25,-263,228
22.69167,191,-6,-26,-266,226
22.7,197,-6,-26,-268,229
22.70833,203,-6,-27,-270,236
22.71667,208,-6,-27,-271,249
22.725,209,-6,-26,-272,269
22.73333,209,-6,-25,-274,297
22.74167,210,-6,-25,-275,331
22.75,209,-6,-25,-277,372
22.75833,206,-6,-25,-279,422
22.76667,202,-7,-25,-280,482
22.775,197,-7,-25,-280,552
22.78333,192,-7,-25,-282,632
22.79167,186,-7,-26,-283,721
22.8,179,-7,-27,-284,821
22.80833,170,-7,-26,-284,932
22.81667,162,-6,-25,-285,1053
22.825,156,-6,-26,-286,1184
22.83333,150,-7,-26,-287,1325
22.84167,147,-7,-27,-289,1476
22.85,144,-7,-27,-290,1638
22.85833,143,-8,-26,-292,1811
22.86667,143,-9,-26,-293,1994
22.875,144,-10,-26,-293,2186
22.88333,145,-9,-26,-292,2385
22.89167,147,-9,-26,-291,2589
22.9,151,-9,-24,-291,2791
22.90833,156,-10,-24,-292,2984
22.91667,163,-11,-25,-293,3165
22.925,170,-12,-26,-293,3327
22.93333,176,-12,-27,-292,3464
22.94167,183,-11,-26,-291,3571
22.95,190,-11,-26,-290,3643
22.95833,195,-11,-27,-290,3679
22.96667,200,-12,-27,-290,3674
22.975,204,-11,-26,-289,3629
22.98333,207,-12,-25,-289,3548
22.99167,209,-11,-25,-288,3436
23,212,-10,-26,-289,3299
23.00833,214,-10,-25,-290,3142
23.01667,216,-11,-24,-292,2973
23.025,218,-11,-24,-293,2799
23.03333,221,-12,-25,-293,2625
23.04167,224,-13,-25,-292,2454
23.05,227,-12,-25,-292,2290
23.05833,231,-12,-25,-292,2138
23.06667,234,-12,-25,-292,1999
23.075,238,-13,-24,-293,1873
23.08333,245,-13,-24,-294,1760
23.09167,252,-13,-24,-295,1659
23.1,260,-14,-24,-295,1567
23.10833,268,-15,-23,-295,1482
23.11667,276,-15,-24,-295,1403
23.125,285,-14,-24,-296,1329
23.13333,294,-14,-24,-297,1260
23.14167,303,-14,-24,-297,1195
23.15,313,-13,-24,-296,1130
23.15833,323,-12,-25,-295,1069
23.16667,332,-11,-25,-296,1009
23.175,341,-9,-25,-297,950
23.18333,349,-9,-26,-296,894
23.19167,357,-9,-27,-296,840
23.2,362,-10,-27,-296,788
23.20833,367,-10,-27,-296,738
23.21667,372,-10,-26,-296,691
23.225,377,-10,-26,-295,647
23.23333,381,-11,-26,-295,607
23.24167,385,-11,-25,-296,570
23.25,390,-11,-26,-297,536
23.25833,397,-11,-26,-298,505
23.26667,403,-11,-26,-298,479
23.275,411,-12,-26,-298,456
23.28333,419,-12,-26,-298,437
23.29167,429,-12,-26,-298,423
23.3,439,-12,-27,-298,415
23.30833,448,-11,-28,-298,413
23.31667,458,-10,-27,-298,418
23.325,467,-10,-26,-299,432
23.33333,476,-10,-26,-298,458
23.34167,484,-10,-25,-297,497
23.35,491,-10,-25,-297,553
23.35833,496,-11,-26,-297,630
23.36667,500,-12,-27,-297,731
23.375,501,-12,-27,-297,863
23.38333,502,-13,-27,-298,1030
23.39167,502,-12,-27,-299,1236
23.4,500,-12,-26,-300,1492
23.40833,497,-12,-26,-301,1807
23.41667,493,-11,-27,-300,2187
23.425,489,-11,-27,-300,2637
23.43333,484,-9,-27,-299,3162
23.44167,480,-7,-25,-298,3763
23.45,475,-6,-25,-298,4440
23.45833,471,-6,-25,-299,5187
23.46667,466,-6,-26,-300,5994
23.475,462,-6,-26,-300,6845
23.48333,459,-5,-26,-299,7719
23.49167,458,-6,-26,-299,8588
23.5,457,-6,-27,-299,9425
23.50833,457,-6,-27,-299,10198
23.51667,458,-6,-26,-298,10875
23.525,458,-8,-26,-296,11431
23.53333,459,-8,-25,-296,11844
23.54167,460,-8,-25,-297,12099
23.55,462,-8,-25,-297,12189
23.55833,463,-8,-25,-294,12118
23.56667,464,-8,-25,-290,11897
23.575,463,-7,-25,-285,11545
23.58333,462,-7,-25,-278,11083
23.59167,460,-7,-25,-269,10537
23.6,459,-6,-26,-256,9936
23.60833,458,-6,-26,-236,9305
23.61667,457,-6,-26,-208,8666
23.625,456,-5,-27,-170,8037
23.63333,456,-4,-26,-121,7433
23.64167,455,-3,-26,-58,6862
23.65,455,-3,-25,23,6328
23.65833,456,-3,-24,124,5834
23.66667,457,-3,-25,249,5380
23.675,460,-3,-25,399,4964
23.68333,464,-2,-25,578,4583
23.69167,469,-2,-26,783,4233
23.7,476,-1,-26,1014,3912
23.70833,485,0,-26,1269,3620
23.71667,495,1,-26,1544,3351
23.725,506,0,-26,1830,3102
23.73333,517,-1,-27,2118,2872
23.74167,529,0,-26,2395,2660
23.75,543,1,-26,2653,2463
23.75833,555,2,-26,2881,2281
23.76667,568,2,-26,3070,2112
23.775,582,2,-26,3211,1958
23.78333,596,4,-26,3299,1820
23.79167,609,6,-27,3332,1697
23.8,621,7,-27,3312,1586
23.80833,632,8,-27,3244,1486
23.81667,641,8,-27,3135,1400
23.825,648,8,-27,2995,1326
23.83333,653,8,-27,2832,1265
23.84167,659,9,-28,2656,1218
23.85,663,9,-27,2475,1186
23.85833,665,7,-27,2296,1173
23.86667,666,7,-26,2124,1180
23.875,666,8,-27,1964,1206
23.88333,662,7,-27,1817,1256
23.89167,657,7,-26,1683,1333
23.9,651,6,-25,1561,1439
23.90833,644,6,-25,1450,1580
23.91667,635,6,-25,1348,1762
23.925,625,6,-24,1253,1988
23.93333,616,7,-24,1164,2262
23.94167,606,8,-25,1077,2589
23.95,598,9,-26,991,2972
23.95833,591,11,-27,905,3418
23.96667,584,13,-28,821,3928
23.975,579,16,-27,738,4508
23.98333,575,17,-26,656,5163
23.99167,571,17,-26,577,5895
24,571,19,-25,502,6708
24.00833,573,21,-25,432,7605
24.01667,576,22,-25,367,8586
24.025,580,24,-26,306,9649
24.03333,585,26,-26,251,10786
24.04167,590,29,-26,201,11986
24.05,595,32,-27,154,13232
24.05833,599,36,-26,111,14503
24.06667,604,38,-26,72,15774
24.075,607,41,-25,37,17015
24.08333,607,45,-23,3,18193
24.09167,606,48,-23,-28,19278
24.1,605,51,-23,-56,20239
24.10833,602,53,-23,-80,21047
24.11667,598,54,-23,-101,21680
24.125,594,56,-23,-120,22119
24.13333,590,58,-23,-138,22353
24.14167,587,59,-24,-154,22381
24.15,583,59,-24,-169,22206
24.15833,578,58,-24,-182,21838
24.16667,574,56,-23,-193,21295
24.175,571,54,-22,-203,20600
24.18333,569,52,-22,-212,19777
24.19167,567,50,-24,-220,18855
24.2,566,49,-24,-226,17864
24.20833,566,47,-25,-232,16829
24.21667,569,45,-26,-237,15776
24.225,574,43,-26,-241,14727
24.23333,580,41,-24,-245,13699
24.24167,586,41,-24,-248,12710
24.25,591,42,-24,-252,11770
24.25833,597,41,-24,-255,10885
24.26667,602,40,-24,-257,10058
24.275,606,38,-23,-258,9291
24.28333,610,37,-24,-259,8580
24.29167,613,35,-25,-262,7925
24.3,616,36,-24,-264,7323
24.30833,617,37,-23,-264,6771
24.31667,618,37,-22,-263,6261
24.325,617,37,-21,-263,5791
24.33333,616,38,-21,-263,5357
24.34167,614,39,-21,-263,4956
24.35,610,41,-21,-262,4585
24.35833,605,43,-21,-261,4238
24.36667,601,44,-21,-260,3916
24.375,595,45,-22,-259,3618
24.38333,589,46,-22,-258,3339
24.39167,584,47,-20,-258,3079
24.4,580,48,-20,-257,2834
24.40833,575,49,-20,-256,2604
24.41667,571,50,-20,-256,2389
24.425,567,50,-20,-256,2188
24.43333,564,51,-19,-255,1999
24.44167,561,52,-19,-254,1826
24.45,559,53,-20,-254,1664
24.45833,559,52,-21,-253,1515
24.46667,559,52,-20,-251,1378
24.475,559,52,-19,-251,1250
24.48333,558,51,-18,-250,1131
24.49167,556,51,-18,-248,1023
24.5,554,50,-17,-247,923
24.50833,552,50,-15,-245,833
24.51667,550,50,-14,-243,750
24.525,548,50,-14,-241,674
24.53333,545,50,-15,-240,606
24.54167,541,50,-14,-239,545
24.55,536,50,-13,-237,488
24.55833,530,50,-12,-236,436
24.56667,523,50,-11,-234,390
24.575,516,51,-12,-232,349
24.58333,509,50,-13,-231,313
24.59167,503,50,-14,-230,280
24.6,497,50,-14,-229,250
24.60833,490,50,-14,-228,225
24.61667,482,50,-15,-226,202
24.625,473,50,-14,-225,182
24.63333,463,50,-14,-224,165
24.64167,452,51,-13,-223,149
24.65,442,51,-12,-221,135
24.65833,432,52,-10,-218,122
24.66667,422,53,-9,-217,111
24.675,412,54,-9,-216,103
24.68333,403,53,-9,-216,96
24.69167,394,54,-8,-214,89
24.7,385,55,-8,-213,81
24.70833,376,56,-8,-212,76
24.71667,367,57,-7,-212,72
24.725,358,58,-5,-211,68
24.73333,351,59,-4,-210,65
24.74167,343,60,-4,-208,63
24.75,335,60,-3,-207,61
24.75833,329,60,-2,-206,59
24.76667,322,60,-1,-204,58
24.775,316,62,0,-201,58
24.78333,310,63,2,-199,57
24.79167,306,63,2,-198,57
24.8,302,65,2,-197,56
24.80833,298,66,3,-196,55
24.81667,295,67,3,-195,55
24.825,293,67,4,-194,56
24.83333,291,68,4,-193,57
24.84167,288,69,6,-192,59
24.85,286,69,7,-191,60
24.85833,284,69,8,-190,61
24.86667,282,70,9,-189,62
24.875,280,71,11,-188,62
24.88333,278,71,11,-187,62
24.89167,275,72,11,-186,62
24.9,272,73,11,-185,63
24.90833,269,75,13,-185,65
24.91667,267,77,15,-184,66
24.925,265,79,16,-183,66
24.93333,262,80,18,-182,68
24.94167,260,81,19,-181,68
24.95,257,81,21,-181,68
24.95833,254,82,23,-180,67
24.96667,251,82,24,-179,67
24.975,248,82,25,-179,68
24.98333,244,84,26,-176,69
24.99167,240,84,28,-175,70
25,237,85,30,-174,70
25.00833,234,86,32,-173,69
25.01667,231,88,33,-172,69
25.025,228,89,34,-171,70
25.03333,225,90,35,-171,70
25.04167,222,91,36,-170,70
25.05,219,93,36,-169,69
25.05833,215,94,37,-169,69
25.06667,212,94,38,-169,68
25.075,210,95,40,-168,68
25.08333,208,97,42,-166,68
25.09167,206,98,43,-165,67
25.1,204,99,45,-165,67
25.10833,201,100,45,-164,68
25.11667,199,100,47,-163,69
25.125,197,102,48,-163,69
25.13333,194,104,50,-163,68
25.14167,192,105,53,-163,66
25.15,190,106,55,-162,65
25.15833,188,109,56,-162,64
25.16667,187,110,57,-162,64
25.175,187,109,59,-162,64
25.18333,186,109,60,-160,65
25.19167,183,109,62,-159,66
25.2,182,112,63,-158,66
25.20833,179,114,65,-157,64
25.21667,177,116,66,-157,63
25.225,175,117,67,-157,63
25.23333,174,117,69,-158,63
25.24167,174,117,71,-158,63
25.25,174,117,74,-158,63
25.25833,174,117,75,-157,64
25.26667,173,117,77,-157,64
25.275,172,119,78,-157,65
25.28333,171,121,80,-156,65
25.29167,170,124,81,-156,65
25.3,169,125,82,-155,64
25.30833,167,125,82,-153,64
25.31667,166,126,83,-152,65
25.325,165,127,85,-153,64
25.33333,164,127,86,-153,64
25.34167,163,126,88,-153,64
25.35,163,126,90,-152,63
25.35833,162,127,91,-152,61
25.36667,162,128,93,-151,60
25.375,162,129,94,-150,61
25.38333,161,130,96,-150,61
25.39167,161,131,98,-151,61
25.4,160,131,99,-152,61
25.40833,160,131,99,-152,60
25.41667,159,132,100,-152,60
25.425,158,134,101,-151,60
25.43333,156,135,103,-150,61
25.44167,154,134,106,-150,61
25.45,154,134,108,-149,61
25.45833,153,135,110,-150,60
25.46667,154,136,112,-150,60
25.475,153,138,114,-151,61
25.48333,154,138,115,-150,61
25.49167,154,138,117,-150,60
25.5,153,139,118,-149,60
25.50833,151,138,119,-149,60
25.51667,150,137,120,-148,60
25.525,148,138,122,-148,60
25.53333,148,140,125,-149,61
25.54167,149,140,128,-148,61
25.55,150,141,130,-149,60
25.55833,149,141,132,-149,59
25.56667,147,141,132,-150,59
25.575,146,141,133,-150,59
25.58333,147,141,135,-150,59
25.59167,146,142,136,-149,59
25.6,144,144,137,-148,59
25.60833,143,143,139,-148,60
25.61667,143,143,140,-147,60
25.625,143,144,141,-146,59
25.63333,143,144,143,-146,59
25.64167,143,144,146,-145,60
25.65,142,144,149,-145,60
25.65833,141,145,151,-144,60
25.66667,141,146,153,-144,59
25.675,141,147,156,-145,59
25.68333,140,147,159,-146,59
25.69167,140,146,162,-148,59
25.7,139,147,165,-149,58
25.70833,140,149,167,-150,58
25.71667,140,150,170,-149,58
25.725,140,150,173,-148,59
25.73333,140,149,177,-148,60
25.74167,139,149,180,-148,60
25.75,138,149,184,-148,60
25.75833,137,149,187,-148,59
25.76667,136,149,190,-148,58
25.775,137,148,194,-148,58
25.78333,137,149,197,-148,58
25.79167,136,148,201,-147,59
25.8,136,149,206,-147,58
25.80833,135,149,210,-146,59
25.81667,135,151,214,-148,59
25.825,135,150,219,-148,58
25.83333,135,150,222,-148,57
25.84167,134,150,226,-148,57
25.85,134,150,230,-148,56
25.85833,133,150,232,-149,57
25.86667,132,150,234,-149,57
25.875,131,150,236,-149,57
25.88333,132,152,239,-148,57
25.89167,133,152,240,-148,56
25.9,133,152,241,-148,56
25.90833,133,151,239,-149,56
25.91667,131,150,239,-149,57
25.925,131,149,239,-150,59
25.93333,132,149,239,-150,59
25.94167,132,149,238,-151,59
25.95,133,150,238,-150,58
25.95833,132,151,238,-150,57
25.96667,132,152,237,-149,56
25.975,131,152,236,-149,54
25.98333,131,152,236,-149,53
25.99167,131,152,234,-148,54
26,130,152,231,-147,55
26.00833,130,153,230,-147,54
26.01667,130,154,230,-147,54
26.025,129,154,228,-149,53
26.03333,130,153,228,-150,54
26.04167,129,152,228,-151,54
26.05,129,151,227,-150,54
26.05833,128,150,226,-150,53
26.06667,128,149,225,-150,53
26.075,127,150,224,-150,53
26.08333,127,151,221,-152,53
26.09167,127,151,219,-153,53
26.1,126,151,219,-153,54
26.10833,125,151,219,-153,54
26.11667,125,151,219,-153,54
26.125,126,150,217,-153,55
26.13333,126,151,216,-152,55
26.14167,125,151,216,-152,55
26.15,124,152,216,-152,54
26.15833,124,152,215,-152,53
26.16667,124,151,214,-152,53
26.175,124,151,214,-152,53
26.18333,124,150,214,-153,54
26.19167,125,151,214,-153,54
26.2,124,152,214,-153,54
26.20833,124,152,213,-153,54
26.21667,123,153,212,-153,54
26.225,122,152,213,-153,54
26.23333,123,152,213,-153,53
26.24167,123,152,214,-153,54
26.25,123,152,214,-152,54
26.25833,123,152,215,-153,54
26.26667,122,150,215,-152,53
26.275,122,149,214,-152,53
26.28333,121,149,215,-152,52
26.29167,119,150,215,-153,51
26.3,119,149,216,-154,51
26.30833,119,149,215,-154,50
26.31667,120,150,215,-154,49
26.325,120,150,215,-154,48
26.33333,121,149,214,-156,49
26.34167,122,149,212,-156,50
26.35,121,149,211,-156,51
26.35833,121,149,209,-156,51
26.36667,121,148,208,-156,50
26.375,121,148,208,-156,49
26.38333,121,148,207,-156,49
26.39167,121,148,206,-156,49
26.4,121,148,205,-157,49
26.40833,120,147,204,-157,49
26.41667,120,148,203,-157,49
26.425,119,148,201,-157,50
26.43333,118,148,200,-158,51
26.44167,118,148,200,-159,51
26.45,119,147,199,-158,51
26.45833,119,147,198,-159,50
26.46667,119,147,197,-159,50
26.475,119,148,196,-160,50
26.48333,118,149,196,-160,50
26.49167,117,149,195,-160,50
26.5,117,148,195,-161,51
26.50833,117,147,194,-160,51
26.51667,116,147,193,-160,51
26.525,115,147,193,-160,50
26.53333,116,147,193,-160,49
26.54167,117,147,193,-161,49
26.55,117,147,190,-161,48
26.55833,117,147,189,-161,49
26.56667,116,147,188,-161,49
26.575,116,146,188,-162,48
26.58333,115,146,188,-162,47
26.59167,115,147,187,-163,47
26.6,116,146,186,-163,48
26.60833,115,146,186,-162,49
26.61667,114,145,185,-162,48
26.625,113,145,185,-162,48
26.63333,113,144,185,-163,48
26.64167,113,144,185,-162,48
26.65,112,144,185,-162,48
26.65833,113,144,184,-163,48
26.66667,113,143,184,-164,47
26.675,112,143,183,-165,47
26.68333,111,143,181,-166,46
26.69167,112,144,179,-167,45
26.7,112,144,177,-167,44
26.70833,112,144,176,-167,44
26.71667,110,144,175,-166,44
26.725,110,144,174,-166,45
26.73333,111,143,174,-167,45
26.74167,112,142,174,-168,44
26.75,112,141,173,-169,44
26.75833,111,141,173,-170,44
26.76667,110,140,172,-170,42
26.775,108,141,170,-170,42
26.78333,107,142,169,-171,42
26.79167,108,143,169,-172,42
26.8,108,142,170,-172,41
26.80833,107,140,171,-171,41
26.81667,106,139,170,-170,42
26.825,105,139,170,-170,41
26.83333,104,139,169,-170,40
26.84167,105,139,168,-171,39
26.85,105,139,167,-171,39
26.85833,105,138,166,-172,39
26.86667,105,137,166,-172,38
26.875,104,137,165,-172,39
26.88333,105,138,165,-172,38
26.89167,105,138,164,-172,37
26.9,106,138,164,-173,37
26.90833,106,138,164,-173,38
26.91667,107,138,164,-175,37
26.925,107,138,164,-176,37
26.93333,106,137,163,-176,36
26.94167,106,137,162,-176,35
26.95,105,136,162,-177,34
26.95833,104,136,162,-177,34
26.96667,105,136,161,-176,34
26.975,105,135,159,-177,33
26.98333,104,134,158,-177,33
26.99167,104,134,158,-179,33
27,104,134,157,-180,33
27.00833,104,133,157,-180,32
27.01667,104,133,156,-181,33
27.025,103,133,157,-182,32
27.03333,101,133,157,-182,32
27.04167,101,133,156,-181,32
27.05,100,134,154,-182,30
27.05833,100,132,154,-182,29
27.06667,100,131,153,-181,28
27.075,101,131,151,-181,27
27.08333,101,132,151,-181,27
27.09167,102,131,149,-181,26
27.1,103,131,149,-182,25
27.10833,102,131,150,-183,25
27.11667,102,131,149,-185,25
27.125,102,130,149,-186,23
27.13333,101,130,148,-187,23
27.14167,100,130,148,-188,22
27.15,100,129,148,-189,21
27.15833,99,128,147,-189,20
27.16667,98,127,148,-190,18
27.175,98,127,148,-191,18
27.18333,97,126,148,-191,16
27.19167,97,126,147,-192,16
27.2,97,127,147,-193,16
27.20833,97,126,146,-194,16
27.21667,96,125,145,-195,15
27.225,96,125,144,-195,15
27.23333,96,125,144,-196,14
27.24167,95,125,144,-196,13
27.25,94,124,143,-196,13
27.25833,92,124,142,-197,12
27.26667,90,123,142,-198,10
27.275,90,124,141,-200,9
27.28333,90,124,139,-201,7
27.29167,90,123,139,-202,5
27.3,90,122,138,-203,3
27.30833,89,122,138,-204,2
27.31667,88,121,138,-206,2
27.325,88,120,137,-207,2
27.33333,88,118,135,-208,0
27.34167,86,118,135,-209,-2
27.35,85,119,135,-211,-3
27.35833,86,119,135,-213,-4
27.36667,85,119,133,-214,-5
27.375,84,118,133,-215,-6
27.38333,84,118,135,-216,-6
27.39167,83,117,136,-218,-6
27.4,81,117,135,-220,-7
27.40833,79,115,133,-222,-9
27.41667,78,113,131,-224,-11
27.425,78,111,131,-225,-12
27.43333,77,110,130,-226,-12
27.44167,77,110,129,-226,-12
27.45,78,108,129,-227,-14
27.45833,78,108,129,-228,-16
27.46667,76,109,129,-230,-16
27.475,75,110,128,-231,-17
27.48333,74,109,127,-232,-17
27.49167,74,108,125,-233,-17
27.5,73,107,124,-234,-17
27.50833,73,106,122,-235,-19
27.51667,73,106,122,-236,-20
27.525,71,105,123,-237,-21
27.53333,69,104,123,-238,-21
27.54167,67,103,123,-239,-22
27.55,66,102,122,-239,-22
27.55833,65,101,122,-239,-21
27.56667,65,100,121,-240,-21
27.575,65,99,120,-242,-21
27.58333,65,97,120,-242,-21
27.59167,63,95,119,-243,-21
27.6,62,95,117,-244,-22
27.60833,60,94,116,-245,-23
27.61667,58,95,115,-245,-24
27.625,57,95,115,-246,-24
27.63333,56,93,114,-248,-25
27.64167,55,90,112,-248,-25
27.65,54,88,111,-247,-25
27.65833,52,87,111,-247,-26
27.66667,52,86,110,-248,-27
27.675,51,84,110,-250,-27
27.68333,50,84,109,-251,-26
27.69167,48,83,108,-251,-27
27.7,47,81,107,-250,-28
27.70833,47,80,106,-251,-28
27.71667,47,78,106,-251,-28
27.725,46,77,106,-250,-29
27.73333,44,75,105,-250,-31
27.74167,43,75,104,-251,-31
27.75,42,74,104,-252,-30
27.75833,41,74,103,-252,-30
27.76667,40,73,102,-252,-31
27.775,40,73,100,-252,-31
27.78333,40,73,98,-252,-32
27.79167,39,72,97,-251,-33
27.8,37,71,96,-251,-33
27.80833,36,70,96,-253,-33
27.81667,35,69,95,-253,-34
27.825,35,69,95,-254,-34
27.83333,35,68,94,-254,-33
27.84167,34,67,94,-255,-32
27.85,32,65,93,-255,-32
27.85833,30,66,91,-254,-33
27.86667,30,66,90,-252,-34
27.875,31,66,90,-251,-35
27.88333,31,65,89,-251,-35
27.89167,30,64,87,-252,-36
27.9,29,64,85,-253,-36
27.90833,29,63,83,-254,-36
27.91667,29,61,82,-254,-35
27.925,29,61,82,-254,-36
27.93333,29,60,81,-253,-35
27.94167,29,61,79,-253,-36
27.95,29,61,78,-254,-37
27.95833,29,61,76,-254,-37
27.96667,29,60,75,-255,-37
27.975,28,59,75,-255,-37
27.98333,27,59,74,-255,-39
27.99167,27,58,75,-255,-39
28,26,58,75,-255,-39
28.00833,25,58,74,-255,-40
28.01667,24,58,73,-254,-41
28.025,24,59,71,-255,-42
28.03333,24,58,69,-256,-45
28.04167,24,58,68,-256,-46
28.05,24,57,66,-256,-46
28.05833,24,56,65,-257,-47
28.06667,24,56,65,-259,-48
28.075,25,56,64,-259,-48
28.08333,26,56,64,-259,-49
28.09167,26,57,63,-260,-49
28.1,25,58,62,-260,-48
28.10833,26,57,61,-261,-48
28.11667,26,57,59,-263,-48
28.125,25,58,58,-263,-50
28.13333,24,58,57,-263,-52
28.14167,23,58,56,-262,-53
28.15,24,58,54,-262,-55
28.15833,24,58,53,-264,-56
28.16667,24,57,53,-265,-56
28.175,24,56,53,-267,-57
28.18333,24,56,53,-268,-57
28.19167,24,56,53,-269,-58
28.2,24,55,52,-269,-60
28.20833,24,54,51,-270,-61
28.21667,24,54,49,-271,-62
28.225,25,53,48,-272,-62
28.23333,24,53,47,-273,-63
28.24167,23,54,47,-274,-63
28.25,21,54,47,-275,-64
28.25833,21,53,46,-276,-64
28.26667,20,52,45,-277,-65
28.275,20,52,44,-277,-65
28.28333,20,51,45,-277,-65
28.29167,20,52,45,-277,-65
28.3,19,51,44,-277,-66
28.30833,19,50,44,-278,-67
28.31667,18,48,44,-278,-67
28.325,17,47,44,-277,-68
28.33333,17,47,43,-278,-69
28.34167,16,46,43,-278,-69
28.35,15,45,43,-279,-69
28.35833,13,44,43,-280,-70
28.36667,13,44,42,-280,-71
28.375,13,44,41,-279,-72
28.38333,12,44,41,-279,-73
28.39167,12,44,40,-280,-73
28.4,12,43,39,-281,-75
28.40833,10,43,39,-282,-75
28.41667,9,40,39,-281,-75
28.425,8,38,39,-280,-75
28.43333,6,37,39,-280,-76
28.44167,5,37,40,-281,-76
28.45,4,36,41,-282,-76
28.45833,3,36,42,-283,-76
28.46667,2,34,42,-282,-77
28.475,1,33,42,-283,-77
28.48333,0,32,43,-283,-77
28.49167,-2,30,43,-283,-76
28.5,-4,29,42,-283,-77
28.50833,-6,27,42,-284,-77
28.51667,-8,25,41,-284,-78
28.525,-9,23,41,-283,-78
28.53333,-9,22,42,-283,-79
28.54167,-9,22,43,-283,-79
28.55,-10,21,43,-283,-80
28.55833,-11,20,43,-284,-80
28.56667,-12,20,43,-283,-81
28.575,-14,19,42,-282,-81
28.58333,-16,17,42,-282,-81
28.59167,-16,16,41,-282,-82
28.6,-17,16,40,-282,-82
28.60833,-16,17,40,-282,-82
28.61667,-16,16,41,-281,-81
28.625,-17,15,41,-281,-81
28.63333,-19,14,41,-281,-82
28.64167,-21,13,40,-281,-82
28.65,-22,11,39,-282,-82
28.65833,-22,10,38,-283,-83
28.66667,-24,9,36,-284,-84
28.675,-24,8,34,-284,-84
28.68333,-24,6,32,-283,-84
28.69167,-25,5,33,-282,-85
28.7,-26,5,33,-282,-85
28.70833,-28,5,34,-282,-86
28.71667,-28,5,34,-281,-88
28.725,-29,5,34,-280,-88
28.73333,-30,5,33,-280,-88
28.74167,-30,4,32,-281,-88
28.75,-30,4,30,-282,-88
28.75833,-30,5,28,-282,-89
28.76667,-29,4,28,-283,-89
28.775,-29,3,28,-283,-88
28.78333,-30,0,27,-283,-89
28.79167,-31,-1,26,-282,-90
28.8,-32,-2,25,-282,-90
28.80833,-32,-3,24,-281,-91
28.81667,-33,-3,23,-280,-90
28.825,-33,-2,22,-281,-91
28.83333,-33,-3,21,-282,-92
28.84167,-33,-3,20,-282,-92
28.85,-32,-3,19,-282,-91
28.85833,-32,-3,18,-282,-91
28.86667,-32,-3,17,-283,-90
28.875,-33,-1,15,-283,-90
28.88333,-33,0,13,-284,-91
28.89167,-34,0,12,-283,-92
28.9,-34,0,12,-283,-92
28.90833,-33,-1,11,-282,-92
28.91667,-34,-2,10,-282,-92
28.925,-34,-3,10,-282,-94
28.93333,-35,-4,10,-281,-94
28.94167,-36,-4,8,-280,-93
28.95,-36,-4,7,-281,-92
28.95833,-36,-4,6,-282,-91
28.96667,-36,-4,7,-282,-92
28.975,-36,-3,6,-282,-92
28.98333,-36,-3,5,-282,-93
28.99167,-35,-3,4,-281,-93
29,-36,-4,3,-281,-94
